Index,Valor ADC
0,0
1,0
2,0
3,0
4,0
5,0
6,0
7,0
8,0
9,0
10,111
11,192
12,279
13,374
14,461
15,560
16,650
17,737
18,823
19,906
20,982
21,1072
22,1150
23,1233
24,1317
25,1394
26,1475
27,1552
28,1630
29,1697
30,1769
31,1837
32,1903
33,1963
34,2023
35,2081
36,2131
37,2186
38,2237
39,2277
40,2320
41,2355
42,2397
43,2429
44,2467
45,2493
46,2527
47,2555
48,2594
49,2621
50,2650
51,2679
52,2693
53,2723
54,2743
55,2763
56,2779
57,2781
58,2806
59,2810
60,2814
61,2822
62,2821
63,2812
64,2807
65,2798
66,2786
67,2773
68,2752
69,2732
70,2710
71,2690
72,2657
73,2634
74,2607
75,2559
76,2537
77,2501
78,2471
79,2444
80,2411
81,2380
82,2343
83,2314
84,2284
85,2256
86,2224
87,2194
88,2167
89,2147
90,2123
91,2095
92,2067
93,2037
94,2018
95,1995
96,1975
97,1961
98,1941
99,1927
100,1914
101,1904
102,1904
103,1897
104,1892
105,1887
106,1888
107,1886
108,1898
109,1906
110,1917
111,1936
112,1945
113,1968
114,1982
115,1999
116,2013
117,2033
118,2059
119,2086
120,2109
121,2142
122,2192
123,2226
124,2253
125,2273
126,2289
127,2299
128,2303
129,2305
130,2313
131,2304
132,2309
133,2302
134,2290
135,2282
136,2278
137,2270
138,2256
139,2245
140,2239
141,2233
142,2221
143,2203
144,2198
145,2187
146,2173
147,2160
148,2150
149,2139
150,2128
151,2114
152,2106
153,2103
154,2090
155,2085
156,2073
157,2064
158,2064
159,2062
160,2058
161,2045
162,2043
163,2036
164,2037
165,2032
166,2035
167,2044
168,2041
169,2042
170,2044
171,2055
172,2047
173,2057
174,2055
175,2064
176,2074
177,2081
178,2091
179,2096
180,2102
181,2114
182,2126
183,2139
184,2153
185,2165
186,2181
187,2192
188,2205
189,2224
190,2235
191,2250
192,2258
193,2285
194,2289
195,2309
196,2320
197,2330
198,2345
199,2361
200,2379
201,2382
202,2389
203,2401
204,2417
205,2423
206,2430
207,2435
208,2439
209,2449
210,2459
211,2455
212,2458
213,2464
214,2460
215,2465
216,2462
217,2465
218,2469
219,2464
220,2463
221,2456
222,2451
223,2449
224,2437
225,2435
226,2429
227,2416
228,2416
229,2402
230,2401
231,2384
232,2375
233,2368
234,2352
235,2332
236,2319
237,2300
238,2286
239,2259
240,2241
241,2224
242,2198
243,2178
244,2155
245,2137
246,2112
247,2096
248,2072
249,2055
250,2031
251,2007
252,1983
253,1967
254,1937
255,1919
256,1901
257,1877
258,1859
259,1831
260,1815
261,1794
262,1771
263,1750
264,1732
265,1712
266,1664
267,1600
268,1575
269,1559
270,1570
271,1568
272,1584
273,1601
274,1625
275,1650
276,1670
277,1702
278,1721
279,1746
280,1771
281,1792
282,1815
283,1829
284,1857
285,1866
286,1878
287,1902
288,1915
289,1927
290,1945
291,1962
292,1969
293,1978
294,1989
295,2000
296,2003
297,2018
298,2029
299,2037
300,2047
301,2063
302,2069
303,2078
304,2089
305,2101
306,2109
307,2118
308,2126
309,2134
310,2135
311,2149
312,2159
313,2167
314,2186
315,2193
316,2207
317,2224
318,2231
319,2240
320,2253
321,2271
322,2282
323,2297
324,2311
325,2325
326,2336
327,2348
328,2363
329,2381
330,2395
331,2409
332,2419
333,2433
334,2447
335,2456
336,2468
337,2481
338,2491
339,2498
340,2511
341,2515
342,2525
343,2531
344,2540
345,2544
346,2555
347,2555
348,2553
349,2559
350,2559
351,2559
352,2559
353,2559
354,2559
355,2581
356,2559
357,2559
358,2559
359,2558
360,2559
361,2554
362,2558
363,2550
364,2547
365,2537
366,2533
367,2515
368,2498
369,2501
370,2483
371,2474
372,2454
373,2441
374,2430
375,2415
376,2407
377,2395
378,2372
379,2366
380,2343
381,2335
382,2322
383,2309
384,2301
385,2292
386,2278
387,2270
388,2257
389,2247
390,2240
391,2227
392,2218
393,2204
394,2192
395,2192
396,2173
397,2175
398,2160
399,2157
400,2154
401,2149
402,2142
403,2143
404,2133
405,2135
406,2129
407,2130
408,2130
409,2128
410,2128
411,2127
412,2128
413,2128
414,2127
415,2127
416,2128
417,2125
418,2127
419,2127
420,2128
421,2129
422,2133
423,2128
424,2128
425,2128
426,2124
427,2126
428,2117
429,2112
430,2115
431,2102
432,2105
433,2102
434,2091
435,2086
436,2082
437,2074
438,2065
439,2058
440,2047
441,2042
442,2033
443,2029
444,2018
445,2001
446,2000
447,1997
448,1979
449,1971
450,1961
451,1953
452,1943
453,1937
454,1918
455,1909
456,1899
457,1886
458,1869
459,1857
460,1846
461,1840
462,1818
463,1808
464,1795
465,1780
466,1766
467,1754
468,1745
469,1735
470,1719
471,1712
472,1693
473,1686
474,1671
475,1663
476,1645
477,1625
478,1616
479,1613
480,1599
481,1587
482,1579
483,1565
484,1552
485,1532
486,1517
487,1503
488,1495
489,1479
490,1471
491,1465
492,1456
493,1447
494,1430
495,1422
496,1415
497,1406
498,1392
499,1381
500,1360
501,1353
502,1341
503,1332
504,1319
505,1308
506,1296
507,1280
508,1267
509,1216
510,1165
511,1142
512,1123
513,1126
514,1140
515,1154
516,1171
517,1190
518,1211
519,1232
520,1251
521,1271
522,1281
523,1303
524,1315
525,1333
526,1350
527,1373
528,1389
529,1398
530,1421
531,1424
532,1439
533,1453
534,1456
535,1463
536,1476
537,1482
538,1487
539,1491
540,1482
541,1498
542,1521
543,1535
544,1527
545,1456
546,1409
547,1405
548,1424
549,1449
550,1492
551,1535
552,1586
553,1649
554,1696
555,1750
556,1808
557,1892
558,1979
559,2067
560,2148
561,2225
562,2309
563,2387
564,2464
565,2547
566,2621
567,2698
568,2766
569,2832
570,2895
571,2949
572,2986
573,3023
574,3063
575,3101
576,3112
577,3126
578,3126
579,3123
580,3109
581,3089
582,3063
583,3040
584,3015
585,2990
586,2953
587,2927
588,2892
589,2866
590,2825
591,2800
592,2768
593,2747
594,2726
595,2720
596,2704
597,2691
598,2690
599,2687
600,2691
601,2700
602,2704
603,2710
604,2735
605,2736
606,2746
607,2766
608,2774
609,2795
610,2802
611,2815
612,2831
613,2848
614,2861
615,2869
616,2886
617,2901
618,2915
619,2928
620,2937
621,2960
622,2965
623,2981
624,2992
625,2993
626,2996
627,3007
628,3005
629,2995
630,2987
631,2972
632,2953
633,2931
634,2901
635,2870
636,2839
637,2800
638,2767
639,2721
640,2678
641,2624
642,2559
643,2525
644,2462
645,2397
646,2333
647,2272
648,2194
649,2112
650,2043
651,1957
652,1872
653,1791
654,1701
655,1602
656,1517
657,1424
658,1334
659,1238
660,1163
661,1074
662,986
663,895
664,806
665,719
666,624
667,529
668,443
669,353
670,272
671,192
672,115
673,46
674,18
675,19
676,16
677,16
678,16
679,16
680,16
681,14
682,14
683,11
684,0
685,0
686,0
687,0
688,0
689,0
690,0
691,0
692,0
693,0
694,0
695,0
696,0
697,0
698,0
699,0
700,0
701,0
702,0
703,0
704,0
705,0
706,0
707,0
708,0
709,0
710,0
711,0
712,0
713,0
714,0
715,0
716,0
717,0
718,0
719,0
720,0
721,0
722,0
723,0
724,0
725,0
726,0
727,0
728,0
729,0
730,0
731,0
732,0
733,0
734,0
735,0
736,0
737,0
738,0
739,0
740,0
741,0
742,0
743,0
744,0
745,0
746,0
747,0
748,0
749,0
750,0
751,0
752,0
753,0
754,0
755,0
756,0
757,0
758,0
759,0
760,0
761,0
762,0
763,0
764,0
765,0
766,0
767,0
768,0
769,0
770,0
771,0
772,0
773,0
774,0
775,0
776,0
777,0
778,0
779,0
780,0
781,0
782,0
783,0
784,0
785,0
786,0
787,0
788,0
789,0
790,0
791,0
792,0
793,0
794,0
795,0
796,0
797,0
798,0
799,0
800,0
801,0
802,0
803,0
804,0
805,0
806,0
807,0
808,0
809,0
810,0
811,0
812,0
813,0
814,0
815,0
816,0
817,0
818,0
819,0
820,0
821,0
822,0
823,0
824,0
825,0
826,0
827,0
828,0
829,0
830,0
831,0
832,0
833,0
834,0
835,0
836,0
837,0
838,0
839,0
840,0
841,0
842,0
843,0
844,0
845,0
846,0
847,0
848,0
849,0
850,0
851,101
852,271
853,436
854,618
855,787
856,963
857,1136
858,1314
859,1486
860,1652
861,1821
862,1979
863,2145
864,2288
865,2441
866,2585
867,2733
868,2864
869,2995
870,3151
871,3280
872,3394
873,3403
874,3403
875,3405
876,3404
877,3406
878,3402
879,3402
880,3406
881,3402
882,3402
883,3403
884,3403
885,3405
886,3408
887,3403
888,3404
889,3406
890,3403
891,3406
892,3403
893,3405
894,3408
895,3403
896,3403
897,3403
898,3407
899,3403
900,3403
901,3407
902,3402
903,3399
904,3408
905,3407
906,3408
907,3403
908,3404
909,3403
910,3403
911,3406
912,3402
913,3398
914,3407
915,3408
916,3407
917,3403
918,3407
919,3403
920,3404
921,3403
922,3408
923,3408
924,3405
925,3406
926,3403
927,3406
928,3405
929,3405
930,3405
931,3403
932,3405
933,3403
934,3406
935,3407
936,3408
937,3408
938,3405
939,3407
940,3403
941,3408
942,3407
943,3408
944,3407
945,3408
946,3408
947,3408
948,3405
949,3407
950,3408
951,3407
952,3408
953,3408
954,3411
955,3408
956,3408
957,3408
958,3405
959,3411
960,3408
961,3409
962,3408
963,3408
964,3405
965,3408
966,3408
967,3409
968,3405
969,3406
970,3410
971,3407
972,3405
973,3407
974,3406
975,3408
976,3404
977,3409
978,3408
979,3408
980,3408
981,3408
982,3408
983,3408
984,3408
985,3407
986,3406
987,3408
988,3408
989,3405
990,3408
991,3408
992,3407
993,3403
994,3407
995,3408
996,3408
997,3403
998,3407
999,3406
1000,3408
1001,3403
1002,3410
1003,3407
1004,3408
1005,3405
1006,3410
1007,3408
1008,3408
1009,3402
1010,3409
1011,3408
1012,3408
1013,3403
1014,3404
1015,3406
1016,3401
1017,3407
1018,3408
1019,3405
1020,3406
1021,3406
1022,3402
1023,3408
1024,3405
1025,3406
1026,3408
1027,3398
1028,3407
1029,3406
1030,3407
1031,3408
1032,3403
1033,3403
1034,3408
1035,3403
1036,3406
1037,3403
1038,3406
1039,3405
1040,3404
1041,2950
1042,2609
1043,2273
1044,1939
1045,1621
1046,1300
1047,972
1048,671
1049,371
1050,89
1051,0
1052,0
1053,0
1054,0
1055,0
1056,0
1057,0
1058,0
1059,0
1060,0
1061,0
1062,0
1063,0
1064,0
1065,0
1066,0
1067,0
1068,0
1069,0
1070,0
1071,0
1072,0
1073,0
1074,0
1075,0
1076,0
1077,0
1078,0
1079,0
1080,0
1081,0
1082,0
1083,0
1084,0
1085,0
1086,0
1087,0
1088,0
1089,0
1090,0
1091,0
1092,0
1093,0
1094,0
1095,0
1096,0
1097,0
1098,0
1099,0
1100,0
1101,0
1102,0
1103,0
1104,0
1105,0
1106,0
1107,0
1108,0
1109,0
1110,0
1111,0
1112,0
1113,0
1114,0
1115,0
1116,0
1117,0
1118,0
1119,0
1120,0
1121,0
1122,0
1123,0
1124,0
1125,0
1126,0
1127,0
1128,0
1129,0
1130,0
1131,0
1132,0
1133,0
1134,0
1135,0
1136,0
1137,227
1138,464
1139,704
1140,944
1141,1187
1142,1422
1143,1663
1144,1886
1145,2117
1146,2331
1147,2534
1148,2721
1149,2914
1150,3095
1151,3281
1152,3397
1153,3405
1154,3408
1155,3406
1156,3407
1157,3408
1158,3406
1159,3407
1160,3406
1161,3404
1162,3405
1163,3407
1164,3408
1165,3408
1166,3405
1167,3403
1168,3405
1169,3408
1170,3401
1171,3408
1172,3407
1173,3405
1174,3405
1175,3403
1176,3403
1177,3405
1178,3407
1179,3408
1180,3403
1181,3407
1182,3408
1183,3408
1184,3406
1185,3405
1186,3405
1187,3405
1188,3403
1189,3407
1190,3408
1191,3407
1192,3404
1193,3408
1194,3406
1195,3403
1196,3403
1197,3408
1198,3405
1199,3407
1200,3407
1201,3405
1202,3406
1203,3408
1204,3408
1205,3403
1206,3403
1207,3407
1208,3407
1209,3403
1210,3405
1211,3407
1212,3407
1213,3407
1214,3403
1215,3407
1216,3406
1217,3401
1218,3399
1219,3399
1220,3407
1221,3178
1222,2999
1223,2823
1224,2661
1225,2498
1226,2339
1227,2182
1228,2016
1229,1864
1230,1712
1231,1557
1232,1394
1233,1264
1234,1125
1235,990
1236,876
1237,752
1238,659
1239,571
1240,491
1241,431
1242,383
1243,347
1244,327
1245,319
1246,332
1247,352
1248,396
1249,447
1250,511
1251,601
1252,702
1253,799
1254,921
1255,1056
1256,1197
1257,1345
1258,1507
1259,1681
1260,1861
1261,2032
1262,2217
1263,2398
1264,2559
1265,2747
1266,2919
1267,3087
1268,3247
1269,3382
1270,3408
1271,3408
1272,3404
1273,3406
1274,3406
1275,3402
1276,3397
1277,3394
1278,2891
1279,2387
1280,1808
1281,1182
1282,509
1283,0
1284,0
1285,0
1286,0
1287,0
1288,0
1289,0
1290,0
1291,0
1292,0
1293,0
1294,0
1295,0
1296,0
1297,0
1298,0
1299,0
1300,0
1301,0
1302,0
1303,0
1304,0
1305,0
1306,0
1307,0
1308,0
1309,0
1310,0
1311,0
1312,0
1313,0
1314,0
1315,0
1316,0
1317,0
1318,0
1319,0
1320,0
1321,0
1322,0
1323,0
1324,0
1325,0
1326,0
1327,0
1328,0
1329,957
1330,1299
1331,1302
1332,1314
1333,0
1334,0
1335,0
1336,0
1337,1731
1338,3173
1339,3395
1340,3399
1341,3401
1342,3402
1343,3399
1344,3407
1345,3403
1346,3398
1347,3399
1348,3403
1349,3137
1350,2732
1351,2337
1352,1948
1353,1535
1354,1147
1355,750
1356,368
1357,0
1358,0
1359,0
1360,0
1361,0
1362,0
1363,0
1364,0
1365,0
1366,0
1367,0
1368,0
1369,0
1370,0
1371,0
1372,0
1373,0
1374,0
1375,0
1376,0
1377,0
1378,0
1379,0
1380,0
1381,0
1382,0
1383,0
1384,0
1385,0
1386,0
1387,0
1388,0
1389,0
1390,0
1391,0
1392,0
1393,0
1394,0
1395,0
1396,0
1397,0
1398,0
1399,0
1400,0
1401,0
1402,0
1403,0
1404,0
1405,0
1406,0
1407,0
1408,0
1409,0
1410,0
1411,0
1412,0
1413,0
1414,0
1415,0
1416,0
1417,0
1418,0
1419,0
1420,0
1421,0
1422,0
1423,0
1424,0
1425,0
1426,0
1427,0
1428,0
1429,0
1430,0
1431,0
1432,0
1433,0
1434,0
1435,0
1436,0
1437,0
1438,0
1439,0
1440,0
1441,0
1442,0
1443,0
1444,0
1445,0
1446,0
1447,0
1448,0
1449,0
1450,0
1451,0
1452,0
1453,0
1454,0
1455,0
1456,0
1457,0
1458,0
1459,0
1460,0
1461,0
1462,0
1463,0
1464,0
1465,0
1466,0
1467,0
1468,0
1469,0
1470,0
1471,0
1472,0
1473,0
1474,0
1475,0
1476,0
1477,0
1478,0
1479,0
1480,0
1481,0
1482,0
1483,0
1484,0
1485,0
1486,0
1487,0
1488,0
1489,0
1490,0
1491,0
1492,0
1493,0
1494,0
1495,0
1496,0
1497,0
1498,0
1499,0
1500,0
1501,0
1502,0
1503,0
1504,0
1505,0
1506,0
1507,0
1508,0
1509,0
1510,0
1511,0
1512,0
1513,0
1514,0
1515,0
1516,0
1517,0
1518,0
1519,0
1520,0
1521,0
1522,0
1523,0
1524,0
1525,0
1526,0
1527,0
1528,0
1529,0
1530,0
1531,0
1532,0
1533,0
1534,0
1535,0
1536,0
1537,0
1538,0
1539,0
1540,0
1541,0
1542,0
1543,0
1544,0
1545,0
1546,65
1547,208
1548,350
1549,494
1550,646
1551,784
1552,916
1553,1072
1554,1211
1555,1340
1556,1475
1557,1609
1558,1732
1559,1856
1560,1970
1561,2091
1562,2207
1563,2305
1564,2410
1565,2501
1566,2599
1567,2686
1568,2769
1569,2858
1570,2935
1571,3009
1572,3086
1573,3149
1574,3201
1575,3263
1576,3317
1577,3367
1578,3390
1579,3406
1580,3402
1581,3393
1582,3399
1583,3397
1584,3399
1585,3397
1586,3402
1587,3397
1588,3396
1589,3392
1590,3397
1591,3398
1592,3395
1593,3399
1594,3397
1595,3400
1596,3397
1597,3396
1598,3402
1599,3403
1600,3401
1601,3403
1602,3405
1603,3398
1604,3399
1605,3402
1606,3401
1607,3398
1608,3403
1609,3404
1610,3399
1611,3355
1612,3333
1613,3308
1614,3281
1615,3264
1616,3229
1617,3203
1618,3183
1619,3153
1620,3123
1621,3094
1622,3058
1623,3031
1624,2993
1625,2961
1626,2928
1627,2891
1628,2850
1629,2811
1630,2767
1631,2715
1632,2669
1633,2623
1634,2591
1635,2539
1636,2497
1637,2449
1638,2415
1639,2354
1640,2331
1641,2288
1642,2238
1643,2193
1644,2153
1645,2105
1646,2066
1647,2018
1648,1979
1649,1936
1650,1898
1651,1855
1652,1814
1653,1776
1654,1742
1655,1702
1656,1664
1657,1634
1658,1601
1659,1565
1660,1534
1661,1507
1662,1485
1663,1456
1664,1434
1665,1422
1666,1399
1667,1387
1668,1374
1669,1362
1670,1353
1671,1358
1672,1353
1673,1359
1674,1360
1675,1367
1676,1378
1677,1392
1678,1394
1679,1407
1680,1411
1681,1424
1682,1429
1683,1443
1684,1450
1685,1452
1686,1460
1687,1462
1688,1463
1689,1470
1690,1462
1691,1469
1692,1463
1693,1461
1694,1460
1695,1456
1696,1450
1697,1454
1698,1446
1699,1443
1700,1435
1701,1429
1702,1424
1703,1418
1704,1407
1705,1403
1706,1393
1707,1387
1708,1370
1709,1353
1710,1343
1711,1328
1712,1315
1713,1296
1714,1281
1715,1263
1716,1233
1717,1210
1718,1196
1719,1168
1720,1142
1721,1123
1722,1095
1723,1079
1724,1069
1725,1042
1726,1017
1727,1008
1728,999
1729,990
1730,987
1731,965
1732,949
1733,944
1734,935
1735,926
1736,915
1737,909
1738,902
1739,897
1740,894
1741,894
1742,891
1743,899
1744,901
1745,909
1746,921
1747,929
1748,945
1749,959
1750,975
1751,998
1752,1021
1753,1050
1754,1075
1755,1106
1756,1129
1757,1160
1758,1184
1759,1210
1760,1246
1761,1269
1762,1300
1763,1321
1764,1345
1765,1369
1766,1392
1767,1413
1768,1435
1769,1455
1770,1472
1771,1495
1772,1511
1773,1527
1774,1535
1775,1564
1776,1575
1777,1586
1778,1609
1779,1603
1780,1623
1781,1642
1782,1649
1783,1657
1784,1671
1785,1681
1786,1692
1787,1699
1788,1710
1789,1714
1790,1727
1791,1729
1792,1735
1793,1745
1794,1750
1795,1757
1796,1759
1797,1763
1798,1774
1799,1769
1800,1776
1801,1791
1802,1798
1803,1794
1804,1802
1805,1814
1806,1821
1807,1822
1808,1831
1809,1831
1810,1839
1811,1845
1812,1856
1813,1862
1814,1872
1815,1876
1816,1878
1817,1889
1818,1899
1819,1891
1820,1903
1821,1913
1822,1919
1823,1920
1824,1930
1825,1934
1826,1939
1827,1940
1828,1947
1829,1952
1830,1958
1831,1959
1832,1959
1833,1958
1834,1963
1835,1968
1836,1967
1837,1971
1838,1971
1839,1974
1840,1975
1841,1975
1842,1972
1843,1994
1844,1978
1845,1983
1846,1989
1847,1987
1848,1984
1849,1989
1850,1984
1851,1984
1852,1983
1853,1983
1854,1983
1855,1983
1856,1982
1857,1986
1858,1978
1859,1978
1860,1975
1861,1970
1862,1968
1863,1967
1864,1963
1865,1962
1866,1963
1867,1953
1868,1963
1869,1955
1870,1958
1871,1957
1872,1953
1873,1953
1874,1950
1875,1947
1876,1945
1877,1939
1878,1950
1879,1947
1880,1938
1881,1927
1882,1946
1883,1942
1884,1937
1885,1942
1886,1945
1887,1941
1888,1938
1889,1947
1890,1943
1891,1942
1892,1943
1893,1961
1894,1953
1895,1958
1896,1958
1897,1963
1898,1968
1899,1973
1900,1973
1901,1978
1902,1977
1903,1983
1904,1993
1905,1997
1906,1997
1907,2005
1908,2011
1909,2019
1910,2021
1911,2031
1912,2027
1913,2032
1914,2038
1915,2043
1916,2047
1917,2055
1918,2059
1919,2064
1920,2063
1921,2069
1922,2067
1923,2064
1924,2064
1925,2069
1926,2064
1927,2069
1928,2078
1929,2069
1930,2070
1931,2078
1932,2074
1933,2077
1934,2075
1935,2075
1936,2070
1937,2070
1938,2065
1939,2074
1940,2071
1941,2071
1942,2070
1943,2067
1944,2064
1945,2071
1946,2070
1947,2064
1948,2065
1949,2065
1950,2064
1951,2061
1952,2055
1953,2046
1954,2043
1955,2038
1956,2032
1957,2032
1958,2032
1959,2031
1960,2025
1961,2025
1962,2023
1963,2018
1964,2027
1965,2033
1966,2031
1967,2029
1968,2031
1969,2032
1970,2030
1971,2032
1972,2030
1973,2032
1974,2029
1975,2031
1976,2033
1977,2031
1978,2026
1979,2031
1980,2023
1981,2031
1982,2027
1983,2023
1984,2025
1985,2018
1986,2025
1987,2029
1988,2029
1989,2022
1990,2031
1991,2016
1992,2009
1993,2011
1994,2009
1995,2005
1996,2007
1997,2001
1998,1997
1999,1994
2000,1985
2001,1984
2002,1985
2003,1983
2004,1974
2005,1975
2006,1973
2007,1973
2008,1983
2009,1967
2010,1965
2011,1968
2012,1968
2013,1970
2014,1970
2015,1970
2016,1974
2017,1980
2018,1978
2019,1987
2020,1989
2021,1994
2022,2000
2023,2001
2024,2010
2025,2015
2026,2022
2027,2023
2028,2031
2029,2034
2030,2046
2031,2053
2032,2064
2033,2063
2034,2071
2035,2077
2036,2082
2037,2087
2038,2095
2039,2099
2040,2110
2041,2114
2042,2119
2043,2128
2044,2137
2045,2147
2046,2143
2047,2157
2048,2163
2049,2171
2050,2175
2051,2184
2052,2198
2053,2197
2054,2210
2055,2218
2056,2224
2057,2233
2058,2237
2059,2251
2060,2258
2061,2271
2062,2263
2063,2286
2064,2288
2065,2301
2066,2309
2067,2310
2068,2322
2069,2330
2070,2341
2071,2352
2072,2352
2073,2363
2074,2372
2075,2382
2076,2386
2077,2394
2078,2397
2079,2409
2080,2417
2081,2432
2082,2435
2083,2449
2084,2467
2085,2473
2086,2479
2087,2493
2088,2503
2089,2510
2090,2517
2091,2530
2092,2544
2093,2554
2094,2559
2095,2583
2096,2608
2097,2615
2098,2634
2099,2653
2100,2662
2101,2686
2102,2706
2103,2735
2104,2749
2105,2777
2106,2793
2107,2822
2108,2847
2109,2871
2110,2898
2111,2925
2112,2967
2113,3003
2114,3035
2115,3071
2116,3121
2117,3161
2118,3216
2119,3259
2120,3312
2121,3363
2122,3392
2123,3397
2124,3398
2125,3399
2126,3398
2127,3394
2128,3394
2129,3403
2130,3403
2131,3402
2132,3391
2133,3394
2134,3399
2135,3401
2136,3406
2137,3405
2138,3401
2139,3398
2140,3399
2141,3397
2142,3397
2143,3398
2144,3399
2145,3397
2146,3403
2147,3401
2148,3397
2149,3398
2150,3398
2151,3402
2152,3398
2153,3402
2154,3402
2155,3398
2156,3399
2157,3405
2158,3402
2159,3399
2160,3402
2161,3399
2162,3402
2163,3401
2164,3397
2165,3395
2166,3405
2167,3395
2168,3398
2169,3403
2170,3403
2171,3395
2172,3396
2173,3399
2174,3395
2175,3401
2176,3401
2177,3394
2178,3399
2179,3399
2180,3401
2181,3402
2182,3402
2183,3401
2184,3402
2185,3399
2186,3403
2187,3401
2188,3402
2189,3395
2190,3397
2191,3404
2192,3402
2193,3401
2194,3400
2195,3408
2196,3402
2197,3393
2198,3392
2199,3401
2200,3403
2201,3394
2202,3398
2203,3401
2204,3397
2205,3407
2206,3402
2207,3398
2208,3403
2209,3398
2210,3403
2211,3401
2212,3399
2213,3399
2214,3399
2215,3399
2216,3399
2217,3399
2218,3405
2219,3393
2220,3406
2221,3398
2222,3394
2223,3397
2224,3399
2225,3403
2226,3397
2227,3401
2228,3398
2229,3401
2230,3399
2231,3397
2232,3394
2233,3391
2234,3399
2235,3400
2236,3398
2237,3402
2238,3396
2239,3402
2240,3402
2241,3399
2242,3404
2243,3398
2244,3396
2245,3402
2246,3403
2247,3401
2248,3397
2249,3399
2250,3395
2251,3397
2252,3395
2253,3404
2254,3403
2255,3397
2256,3397
2257,3401
2258,3401
2259,3399
2260,3399
2261,3402
2262,3405
2263,3397
2264,3403
2265,3402
2266,3401
2267,3401
2268,3398
2269,3405
2270,3401
2271,3401
2272,3401
2273,3398
2274,3402
2275,3403
2276,3401
2277,3403
2278,3402
2279,3405
2280,3399
2281,3397
2282,3398
2283,3328
2284,3248
2285,3184
2286,3111
2287,3045
2288,2983
2289,2919
2290,2864
2291,2810
2292,2752
2293,2704
2294,2650
2295,2601
2296,2547
2297,2510
2298,2457
2299,2417
2300,2381
2301,2337
2302,2290
2303,2253
2304,2216
2305,2175
2306,2140
2307,2107
2308,2075
2309,2038
2310,2016
2311,1993
2312,1967
2313,1943
2314,1930
2315,1919
2316,1901
2317,1891
2318,1887
2319,1875
2320,1879
2321,1872
2322,1875
2323,1872
2324,1875
2325,1883
2326,1887
2327,1897
2328,1891
2329,1909
2330,1914
2331,1927
2332,1936
2333,1946
2334,1961
2335,1968
2336,1980
2337,1996
2338,2001
2339,2014
2340,2024
2341,2033
2342,2046
2343,2063
2344,2071
2345,2086
2346,2091
2347,2100
2348,2112
2349,2124
2350,2127
2351,2149
2352,2150
2353,2160
2354,2169
2355,2177
2356,2192
2357,2202
2358,2214
2359,2224
2360,2233
2361,2242
2362,2254
2363,2259
2364,2273
2365,2277
2366,2288
2367,2293
2368,2290
2369,2298
2370,2299
2371,2314
2372,2313
2373,2319
2374,2320
2375,2324
2376,2331
2377,2346
2378,2347
2379,2353
2380,2357
2381,2363
2382,2379
2383,2379
2384,2385
2385,2391
2386,2399
2387,2393
2388,2395
2389,2398
2390,2395
2391,2395
2392,2385
2393,2382
2394,2372
2395,2366
2396,2352
2397,2347
2398,2336
2399,2322
2400,2309
2401,2295
2402,2283
2403,2275
2404,2254
2405,2247
2406,2239
2407,2225
2408,2215
2409,2201
2410,2193
2411,2186
2412,2167
2413,2160
2414,2144
2415,2126
2416,2112
2417,2098
2418,2087
2419,2071
2420,2061
2421,2039
2422,2032
2423,2013
2424,2002
2425,1990
2426,1979
2427,1969
2428,1964
2429,1951
2430,1946
2431,1931
2432,1927
2433,1914
2434,1916
2435,1906
2436,1899
2437,1889
2438,1882
2439,1877
2440,1858
2441,1859
2442,1851
2443,1839
2444,1839
2445,1826
2446,1820
2447,1809
2448,1813
2449,1799
2450,1783
2451,1775
2452,1777
2453,1763
2454,1756
2455,1745
2456,1744
2457,1727
2458,1718
2459,1722
2460,1709
2461,1700
2462,1705
2463,1687
2464,1680
2465,1679
2466,1664
2467,1661
2468,1650
2469,1635
2470,1627
2471,1615
2472,1607
2473,1600
2474,1586
2475,1584
2476,1571
2477,1563
2478,1535
2479,1535
2480,1526
2481,1520
2482,1515
2483,1514
2484,1503
2485,1495
2486,1491
2487,1493
2488,1492
2489,1491
2490,1494
2491,1494
2492,1493
2493,1495
2494,1489
2495,1493
2496,1500
2497,1498
2498,1491
2499,1488
2500,1479
2501,1484
2502,1482
2503,1477
2504,1471
2505,1474
2506,1472
2507,1475
2508,1478
2509,1488
2510,1477
2511,1488
2512,1488
2513,1488
2514,1490
2515,1488
2516,1492
2517,1485
2518,1486
2519,1487
2520,1486
2521,1477
2522,1479
2523,1475
2524,1473
2525,1473
2526,1477
2527,1481
2528,1477
2529,1474
2530,1483
2531,1488
2532,1498
2533,1494
2534,1503
2535,1509
2536,1512
2537,1520
2538,1521
2539,1533
2540,1534
2541,1535
2542,1552
2543,1552
2544,1558
2545,1567
2546,1567
2547,1573
2548,1577
2549,1574
2550,1582
2551,1583
2552,1581
2553,1588
2554,1583
2555,1589
2556,1582
2557,1593
2558,1585
2559,1584
2560,1585
2561,1580
2562,1570
2563,1569
2564,1571
2565,1563
2566,1557
2567,1535
2568,1535
2569,1532
2570,1533
2571,1521
2572,1522
2573,1502
2574,1509
2575,1501
2576,1495
2577,1493
2578,1487
2579,1475
2580,1477
2581,1470
2582,1467
2583,1456
2584,1455
2585,1447
2586,1444
2587,1430
2588,1423
2589,1413
2590,1413
2591,1396
2592,1393
2593,1395
2594,1391
2595,1391
2596,1379
2597,1371
2598,1367
2599,1360
2600,1347
2601,1349
2602,1347
2603,1346
2604,1331
2605,1328
2606,1314
2607,1315
2608,1296
2609,1291
2610,1279
2611,1263
2612,1248
2613,1235
2614,1215
2615,1200
2616,1193
2617,1178
2618,1159
2619,1147
2620,1123
2621,1105
2622,1076
2623,1070
2624,1051
2625,1036
2626,1008
2627,990
2628,981
2629,961
2630,962
2631,946
2632,941
2633,938
2634,923
2635,922
2636,914
2637,919
2638,919
2639,924
2640,931
2641,941
2642,944
2643,944
2644,959
2645,971
2646,979
2647,989
2648,997
2649,1008
2650,1005
2651,1021
2652,1031
2653,1040
2654,1046
2655,1057
2656,1063
2657,1064
2658,1074
2659,1075
2660,1083
2661,1091
2662,1099
2663,1104
2664,1104
2665,1113
2666,1121
2667,1131
2668,1143
2669,1143
2670,1153
2671,1168
2672,1173
2673,1187
2674,1193
2675,1211
2676,1219
2677,1235
2678,1247
2679,1264
2680,1285
2681,1297
2682,1318
2683,1342
2684,1359
2685,1389
2686,1407
2687,1423
2688,1447
2689,1467
2690,1491
2691,1516
2692,1535
2693,1554
2694,1586
2695,1612
2696,1626
2697,1648
2698,1668
2699,1683
2700,1710
2701,1727
2702,1747
2703,1763
2704,1788
2705,1807
2706,1824
2707,1840
2708,1855
2709,1873
2710,1886
2711,1906
2712,1922
2713,1941
2714,1964
2715,1979
2716,1998
2717,2018
2718,2038
2719,2064
2720,2080
2721,2103
2722,2128
2723,2147
2724,2166
2725,2192
2726,2209
2727,2234
2728,2254
2729,2269
2730,2289
2731,2304
2732,2321
2733,2337
2734,2336
2735,2363
2736,2371
2737,2382
2738,2384
2739,2385
2740,2395
2741,2389
2742,2389
2743,2390
2744,2382
2745,2378
2746,2368
2747,2359
2748,2347
2749,2339
2750,2317
2751,2306
2752,2290
2753,2276
2754,2259
2755,2239
2756,2225
2757,2207
2758,2192
2759,2173
2760,2155
2761,2143
2762,2112
2763,2097
2764,2083
2765,2062
2766,2033
2767,2014
2768,1994
2769,1971
2770,1955
2771,1933
2772,1909
2773,1894
2774,1872
2775,1852
2776,1834
2777,1811
2778,1796
2779,1776
2780,1745
2781,1734
2782,1717
2783,1694
2784,1669
2785,1651
2786,1631
2787,1616
2788,1591
2789,1577
2790,1553
2791,1529
2792,1501
2793,1492
2794,1474
2795,1455
2796,1437
2797,1424
2798,1397
2799,1381
2800,1365
2801,1355
2802,1338
2803,1316
2804,1318
2805,1308
2806,1302
2807,1299
2808,1293
2809,1296
2810,1287
2811,1296
2812,1293
2813,1298
2814,1301
2815,1306
2816,1310
2817,1314
2818,1327
2819,1327
2820,1333
2821,1341
2822,1342
2823,1360
2824,1366
2825,1381
2826,1386
2827,1397
2828,1411
2829,1424
2830,1429
2831,1445
2832,1447
2833,1458
2834,1470
2835,1475
2836,1483
2837,1499
2838,1513
2839,1519
2840,1529
2841,1533
2842,1555
2843,1562
2844,1568
2845,1581
2846,1586
2847,1596
2848,1611
2849,1613
2850,1616
2851,1622
2852,1639
2853,1636
2854,1645
2855,1651
2856,1651
2857,1658
2858,1664
2859,1658
2860,1655
2861,1661
2862,1655
2863,1661
2864,1670
2865,1678
2866,1680
2867,1687
2868,1690
2869,1695
2870,1703
2871,1701
2872,1711
2873,1715
2874,1719
2875,1729
2876,1734
2877,1739
2878,1745
2879,1746
2880,1758
2881,1763
2882,1751
2883,1757
2884,1762
2885,1766
2886,1770
2887,1783
2888,1776
2889,1780
2890,1785
2891,1791
2892,1793
2893,1799
2894,1806
2895,1813
2896,1811
2897,1817
2898,1821
2899,1828
2900,1838
2901,1840
2902,1849
2903,1855
2904,1855
2905,1875
2906,1887
2907,1899
2908,1914
2909,1917
2910,1930
2911,1936
2912,1946
2913,1959
2914,1968
2915,1974
2916,1991
2917,1999
2918,2005
2919,2020
2920,2025
2921,2031
2922,2037
2923,2047
2924,2064
2925,2067
2926,2069
2927,2078
2928,2083
2929,2090
2930,2087
2931,2096
2932,2095
2933,2096
2934,2096
2935,2098
2936,2098
2937,2104
2938,2099
2939,2097
2940,2097
2941,2096
2942,2087
2943,2087
2944,2081
2945,2078
2946,2071
2947,2069
2948,2064
2949,2047
2950,2045
2951,2030
2952,2038
2953,2033
2954,2025
2955,2027
2956,2011
2957,2015
2958,2010
2959,2002
2960,2001
2961,2000
2962,1998
2963,1999
2964,1997
2965,2000
2966,1999
2967,2000
2968,2001
2969,2003
2970,2007
2971,2005
2972,2018
2973,2015
2974,2015
2975,2020
2976,2023
2977,2029
2978,2032
2979,2032
2980,2036
2981,2037
2982,2057
2983,2064
2984,2073
2985,2080
2986,2085
2987,2098
2988,2097
2989,2112
2990,2124
2991,2129
2992,2143
2993,2147
2994,2160
2995,2165
2996,2178
2997,2190
2998,2197
2999,2203
3000,2209
3001,2224
3002,2226
3003,2229
3004,2230
3005,2235
3006,2238
3007,2240
3008,2247
3009,2250
3010,2247
3011,2250
3012,2253
3013,2238
3014,2243
3015,2245
3016,2237
3017,2237
3018,2239
3019,2235
3020,2227
3021,2224
3022,2222
3023,2219
3024,2218
3025,2209
3026,2205
3027,2198
3028,2201
3029,2192
3030,2186
3031,2176
3032,2166
3033,2163
3034,2160
3035,2153
3036,2140
3037,2134
3038,2128
3039,2124
3040,2114
3041,2110
3042,2098
3043,2091
3044,2083
3045,2071
3046,2065
3047,2060
3048,2038
3049,2027
3050,2020
3051,2004
3052,2000
3053,1987
3054,1973
3055,1971
3056,1967
3057,1958
3058,1941
3059,1936
3060,1931
3061,1916
3062,1915
3063,1905
3064,1903
3065,1897
3066,1887
3067,1883
3068,1879
3069,1878
3070,1872
3071,1872
3072,1872
3073,1871
3074,1872
3075,1872
3076,1872
3077,1882
3078,1879
3079,1883
3080,1894
3081,1901
3082,1904
3083,1906
3084,1919
3085,1925
3086,1919
3087,1936
3088,1947
3089,1949
3090,1961
3091,1967
3092,1973
3093,1983
3094,1986
3095,1999
3096,2003
3097,2015
3098,2020
3099,2032
3100,2035
3101,2042
3102,2058
3103,2063
3104,2065
3105,2074
3106,2081
3107,2090
3108,2095
3109,2102
3110,2111
3111,2126
3112,2128
3113,2134
3114,2146
3115,2147
3116,2171
3117,2172
3118,2190
3119,2198
3120,2202
3121,2218
3122,2221
3123,2225
3124,2237
3125,2249
3126,2256
3127,2262
3128,2268
3129,2271
3130,2275
3131,2283
3132,2289
3133,2301
3134,2299
3135,2301
3136,2299
3137,2302
3138,2303
3139,2304
3140,2303
3141,2303
3142,2299
3143,2302
3144,2299
3145,2288
3146,2287
3147,2285
3148,2274
3149,2266
3150,2256
3151,2249
3152,2243
3153,2235
3154,2227
3155,2219
3156,2208
3157,2197
3158,2186
3159,2178
3160,2167
3161,2165
3162,2153
3163,2146
3164,2132
3165,2127
3166,2119
3167,2113
3168,2106
3169,2096
3170,2095
3171,2076
3172,2079
3173,2065
3174,2061
3175,2047
3176,2041
3177,2038
3178,2031
3179,2029
3180,2020
3181,2019
3182,2015
3183,2009
3184,2006
3185,2007
3186,1998
3187,2000
3188,2000
3189,1997
3190,1999
3191,1994
3192,1990
3193,1977
3194,1994
3195,1992
3196,1990
3197,1997
3198,1991
3199,1989
3200,1994
3201,1989
3202,1996
3203,1993
3204,1998
3205,1999
3206,1995
3207,2002
3208,2000
3209,2001
3210,2003
3211,2012
3212,2011
3213,2010
3214,2007
3215,2006
3216,2003
3217,2005
3218,2002
3219,2005
3220,2003
3221,2000
3222,2002
3223,2001
3224,2000
3225,2009
3226,2007
3227,2009
3228,2013
3229,2018
3230,2015
3231,2021
3232,2030
3233,2025
3234,2032
3235,2037
3236,2046
3237,2043
3238,2038
3239,2047
3240,2042
3241,2054
3242,2062
3243,2069
3244,2065
3245,2067
3246,2070
3247,2079
3248,2080
3249,2086
3250,2084
3251,2091
3252,2096
3253,2096
3254,2096
3255,2107
3256,2106
3257,2107
3258,2112
3259,2115
3260,2118
3261,2122
3262,2127
3263,2127
3264,2131
3265,2131
3266,2135
3267,2137
3268,2138
3269,2149
3270,2149
3271,2148
3272,2145
3273,2156
3274,2157
3275,2160
3276,2158
3277,2171
3278,2163
3279,2166
3280,2165
3281,2179
3282,2173
3283,2181
3284,2192
3285,2197
3286,2199
3287,2210
3288,2213
3289,2214
3290,2215
3291,2219
3292,2223
3293,2222
3294,2224
3295,2228
3296,2229
3297,2233
3298,2234
3299,2234
3300,2241
3301,2235
3302,2240
3303,2242
3304,2237
3305,2238
3306,2234
3307,2237
3308,2234
3309,2233
3310,2235
3311,2227
3312,2229
3313,2224
3314,2224
3315,2224
3316,2221
3317,2215
3318,2224
3319,2217
3320,2217
3321,2217
3322,2221
3323,2222
3324,2222
3325,2224
3326,2229
3327,2241
3328,2235
3329,2244
3330,2245
3331,2251
3332,2256
3333,2258
3334,2263
3335,2263
3336,2261
3337,2274
3338,2281
3339,2281
3340,2281
3341,2283
3342,2287
3343,2288
3344,2288
3345,2287
3346,2286
3347,2290
3348,2287
3349,2279
3350,2278
3351,2273
3352,2270
3353,2266
3354,2255
3355,2244
3356,2240
3357,2227
3358,2218
3359,2203
3360,2191
3361,2174
3362,2159
3363,2158
3364,2129
3365,2116
3366,2106
3367,2096
3368,2067
3369,2054
3370,2035
3371,2025
3372,2007
3373,1995
3374,1979
3375,1971
3376,1958
3377,1953
3378,1935
3379,1922
3380,1913
3381,1906
3382,1903
3383,1895
3384,1883
3385,1875
3386,1872
3387,1873
3388,1862
3389,1862
3390,1870
3391,1862
3392,1864
3393,1868
3394,1865
3395,1872
3396,1871
3397,1874
3398,1886
3399,1891
3400,1897
3401,1902
3402,1910
3403,1917
3404,1921
3405,1926
3406,1936
3407,1950
3408,1958
3409,1967
3410,1978
3411,1978
3412,1987
3413,2001
3414,2009
3415,2016
3416,2029
3417,2033
3418,2043
3419,2065
3420,2066
3421,2077
3422,2089
3423,2095
3424,2098
3425,2112
3426,2119
3427,2126
3428,2128
3429,2140
3430,2141
3431,2139
3432,2139
3433,2145
3434,2151
3435,2152
3436,2148
3437,2151
3438,2154
3439,2153
3440,2146
3441,2145
3442,2143
3443,2138
3444,2139
3445,2128
3446,2130
3447,2122
3448,2123
3449,2111
3450,2101
3451,2096
3452,2095
3453,2090
3454,2079
3455,2066
3456,2064
3457,2057
3458,2045
3459,2035
3460,2032
3461,2022
3462,2022
3463,2018
3464,2023
3465,2017
3466,2013
3467,2001
3468,2005
3469,2001
3470,2000
3471,1998
3472,1986
3473,1986
3474,1984
3475,1985
3476,1978
3477,1979
3478,1970
3479,1970
3480,1965
3481,1962
3482,1960
3483,1955
3484,1953
3485,1957
3486,1955
3487,1952
3488,1956
3489,1954
3490,1955
3491,1967
3492,1959
3493,1962
3494,1966
3495,1967
3496,1964
3497,1968
3498,1978
3499,1974
3500,1979
3501,1983
3502,1989
3503,1989
3504,2000
3505,2005
3506,2013
3507,2017
3508,2030
3509,2032
3510,2035
3511,2053
3512,2063
3513,2066
3514,2074
3515,2081
3516,2089
3517,2094
3518,2098
3519,2103
3520,2107
3521,2117
3522,2122
3523,2125
3524,2128
3525,2128
3526,2128
3527,2131
3528,2142
3529,2140
3530,2139
3531,2137
3532,2144
3533,2142
3534,2143
3535,2143
3536,2144
3537,2139
3538,2140
3539,2145
3540,2140
3541,2142
3542,2137
3543,2138
3544,2129
3545,2130
3546,2131
3547,2128
3548,2121
3549,2129
3550,2121
3551,2115
3552,2119
3553,2109
3554,2115
3555,2104
3556,2097
3557,2096
3558,2094
3559,2094
3560,2081
3561,2075
3562,2073
3563,2063
3564,2043
3565,2036
3566,2030
3567,2022
3568,2019
3569,2010
3570,2007
3571,1993
3572,1989
3573,1981
3574,1974
3575,1968
3576,1962
3577,1954
3578,1946
3579,1939
3580,1936
3581,1927
3582,1923
3583,1915
3584,1903
3585,1903
3586,1901
3587,1895
3588,1889
3589,1882
3590,1879
3591,1879
3592,1869
3593,1873
3594,1867
3595,1861
3596,1858
3597,1855
3598,1862
3599,1861
3600,1853
3601,1842
3602,1843
3603,1846
3604,1840
3605,1845
3606,1845
3607,1845
3608,1843
3609,1845
3610,1854
3611,1851
3612,1847
3613,1854
3614,1853
3615,1861
3616,1862
3617,1863
3618,1872
3619,1872
3620,1874
3621,1879
3622,1887
3623,1891
3624,1893
3625,1893
3626,1895
3627,1890
3628,1888
3629,1885
3630,1887
3631,1877
3632,1869
3633,1875
3634,1869
3635,1863
3636,1857
3637,1854
3638,1851
3639,1842
3640,1838
3641,1833
3642,1835
3643,1821
3644,1814
3645,1808
3646,1803
3647,1803
3648,1796
3649,1798
3650,1790
3651,1780
3652,1779
3653,1776
3654,1775
3655,1773
3656,1775
3657,1766
3658,1765
3659,1771
3660,1770
3661,1773
3662,1773
3663,1765
3664,1771
3665,1774
3666,1776
3667,1776
3668,1776
3669,1779
3670,1777
3671,1781
3672,1782
3673,1786
3674,1793
3675,1790
3676,1794
3677,1792
3678,1795
3679,1793
3680,1803
3681,1808
3682,1787
3683,1805
3684,1807
3685,1799
3686,1804
3687,1808
3688,1801
3689,1806
3690,1805
3691,1805
3692,1798
3693,1808
3694,1809
3695,1805
3696,1809
3697,1803
3698,1803
3699,1799
3700,1801
3701,1799
3702,1801
3703,1796
3704,1797
3705,1807
3706,1798
3707,1802
3708,1807
3709,1792
3710,1797
3711,1795
3712,1795
3713,1801
3714,1805
3715,1799
3716,1795
3717,1804
3718,1808
3719,1806
3720,1807
3721,1811
3722,1811
3723,1810
3724,1815
3725,1810
3726,1820
3727,1817
3728,1815
3729,1808
3730,1818
3731,1818
3732,1825
3733,1826
3734,1823
3735,1825
3736,1824
3737,1826
3738,1830
3739,1831
3740,1828
3741,1830
3742,1815
3743,1829
3744,1831
3745,1827
3746,1832
3747,1833
3748,1825
3749,1837
3750,1837
3751,1829
3752,1838
3753,1827
3754,1838
3755,1834
3756,1827
3757,1826
3758,1829
3759,1835
3760,1829
3761,1827
3762,1829
3763,1830
3764,1830
3765,1829
3766,1831
3767,1833
3768,1839
3769,1840
3770,1840
3771,1844
3772,1847
3773,1853
3774,1861
3775,1858
3776,1856
3777,1861
3778,1870
3779,1877
3780,1872
3781,1875
3782,1879
3783,1889
3784,1895
3785,1900
3786,1906
3787,1913
3788,1919
3789,1925
3790,1935
3791,1936
3792,1945
3793,1948
3794,1955
3795,1967
3796,1968
3797,1970
3798,1981
3799,1985
3800,1991
3801,1998
3802,2003
3803,2007
3804,2019
3805,2014
3806,2026
3807,2032
3808,2038
3809,2042
3810,2054
3811,2064
3812,2064
3813,2071
3814,2083
3815,2083
3816,2089
3817,2103
3818,2110
3819,2105
3820,2110
3821,2113
3822,2115
3823,2117
3824,2129
3825,2116
3826,2130
3827,2139
3828,2146
3829,2155
3830,2158
3831,2160
3832,2163
3833,2173
3834,2172
3835,2177
3836,2181
3837,2183
3838,2187
3839,2189
3840,2194
3841,2202
3842,2202
3843,2205
3844,2210
3845,2214
3846,2218
3847,2224
3848,2225
3849,2228
3850,2234
3851,2224
3852,2227
3853,2237
3854,2240
3855,2239
3856,2244
3857,2246
3858,2246
3859,2243
3860,2251
3861,2251
3862,2253
3863,2253
3864,2254
3865,2253
3866,2253
3867,2254
3868,2238
3869,2244
3870,2245
3871,2242
3872,2235
3873,2235
3874,2229
3875,2227
3876,2224
3877,2210
3878,2208
3879,2210
3880,2195
3881,2191
3882,2182
3883,2170
3884,2164
3885,2154
3886,2144
3887,2137
3888,2125
3889,2113
3890,2109
3891,2103
3892,2093
3893,2087
3894,2073
3895,2074
3896,2064
3897,2064
3898,2055
3899,2042
3900,2037
3901,2033
3902,2032
3903,2031
3904,2031
3905,2023
3906,2021
3907,2023
3908,2029
3909,2023
3910,2027
3911,2030
3912,2032
3913,2029
3914,2032
3915,2033
3916,2039
3917,2038
3918,2044
3919,2042
3920,2058
3921,2058
3922,2057
3923,2057
3924,2059
3925,2055
3926,2059
3927,2064
3928,2059
3929,2062
3930,2059
3931,2064
3932,2064
3933,2061
3934,2059
3935,2065
3936,2047
3937,2064
3938,2059
3939,2062
3940,2061
3941,2059
3942,2059
3943,2059
3944,2047
3945,2046
3946,2041
3947,2042
3948,2033
3949,2032
3950,2027
3951,2023
3952,2027
3953,2023
3954,2014
3955,2011
3956,2005
3957,2011
3958,2004
3959,2005
3960,1996
3961,1997
3962,1986
3963,1993
3964,1982
3965,1981
3966,1977
3967,1971
3968,1977
3969,1968
3970,1974
3971,1967
3972,1967
3973,1967
3974,1958
3975,1955
3976,1949
3977,1943
3978,1938
3979,1933
3980,1927
3981,1926
3982,1923
3983,1922
3984,1904
3985,1904
3986,1895
3987,1894
3988,1883
3989,1879
3990,1872
3991,1860
3992,1849
3993,1845
3994,1838
3995,1838
3996,1837
3997,1830
3998,1824
3999,1820
4000,1827
4001,1821
4002,1820
4003,1823
4004,1810
4005,1805
4006,1798
4007,1781
4008,1776
4009,1760
4010,1746
4011,1730
4012,1730
4013,1703
4014,1687
4015,1664
4016,1641
4017,1621
4018,1597
4019,1580
4020,1556
4021,1524
4022,1505
4023,1487
4024,1467
4025,1456
4026,1435
4027,1421
4028,1405
4029,1387
4030,1375
4031,1360
4032,1349
4033,1345
4034,1335
4035,1328
4036,1328
4037,1329
4038,1326
4039,1341
4040,1328
4041,1337
4042,1349
4043,1355
4044,1367
4045,1374
4046,1392
4047,1409
4048,1434
4049,1445
4050,1463
4051,1472
4052,1490
4053,1507
4054,1524
4055,1535
4056,1569
4057,1582
4058,1590
4059,1611
4060,1625
4061,1643
4062,1655
4063,1657
4064,1680
4065,1691
4066,1705
4067,1706
4068,1712
4069,1726
4070,1736
4071,1744
4072,1747
4073,1755
4074,1761
4075,1763
4076,1767
4077,1771
4078,1769
4079,1765
4080,1762
4081,1762
4082,1754
4083,1744
4084,1744
4085,1728
4086,1712
4087,1709
4088,1698
4089,1682
4090,1665
4091,1648
4092,1634
4093,1615
4094,1598
4095,1579
4096,1563
4097,1535
4098,1515
4099,1488
4100,1470
4101,1451
4102,1433
4103,1417
4104,1392
4105,1380
4106,1367
4107,1349
4108,1339
4109,1331
4110,1316
4111,1307
4112,1301
4113,1296
4114,1294
4115,1293
4116,1291
4117,1291
4118,1293
4119,1298
4120,1296
4121,1301
4122,1302
4123,1301
4124,1306
4125,1307
4126,1300
4127,1296
4128,1296
4129,1295
4130,1287
4131,1278
4132,1285
4133,1270
4134,1273
4135,1270
4136,1276
4137,1269
4138,1271
4139,1280
4140,1281
4141,1283
4142,1298
4143,1309
4144,1326
4145,1334
4146,1359
4147,1376
4148,1401
4149,1424
4150,1445
4151,1469
4152,1493
4153,1523
4154,1552
4155,1570
4156,1607
4157,1627
4158,1648
4159,1682
4160,1706
4161,1727
4162,1750
4163,1776
4164,1792
4165,1814
4166,1834
4167,1843
4168,1865
4169,1872
4170,1883
4171,1894
4172,1903
4173,1905
4174,1920
4175,1917
4176,1921
4177,1918
4178,1924
4179,1920
4180,1905
4181,1904
4182,1886
4183,1869
4184,1843
4185,1815
4186,1781
4187,1749
4188,1714
4189,1680
4190,1646
4191,1602
4192,1567
4193,1527
4194,1499
4195,1474
4196,1450
4197,1430
4198,1403
4199,1390
4200,1370
4201,1349
4202,1330
4203,1325
4204,1300
4205,1291
4206,1277
4207,1265
4208,1251
4209,1245
4210,1232
4211,1227
4212,1217
4213,1215
4214,1203
4215,1200
4216,1200
4217,1198
4218,1188
4219,1182
4220,1178
4221,1168
4222,1168
4223,1160
4224,1151
4225,1150
4226,1143
4227,1138
4228,1134
4229,1133
4230,1131
4231,1130
4232,1122
4233,1121
4234,1117
4235,1110
4236,1104
4237,1111
4238,1099
4239,1092
4240,1093
4241,1097
4242,1098
4243,1095
4244,1103
4245,1104
4246,1107
4247,1105
4248,1114
4249,1113
4250,1111
4251,1110
4252,1118
4253,1126
4254,1126
4255,1134
4256,1140
4257,1161
4258,1167
4259,1180
4260,1190
4261,1204
4262,1217
4263,1232
4264,1251
4265,1275
4266,1286
4267,1310
4268,1330
4269,1339
4270,1365
4271,1381
4272,1401
4273,1419
4274,1431
4275,1441
4276,1456
4277,1473
4278,1489
4279,1507
4280,1520
4281,1535
4282,1556
4283,1566
4284,1581
4285,1593
4286,1607
4287,1620
4288,1635
4289,1648
4290,1658
4291,1664
4292,1678
4293,1681
4294,1702
4295,1712
4296,1730
4297,1744
4298,1745
4299,1751
4300,1763
4301,1778
4302,1789
4303,1795
4304,1804
4305,1811
4306,1827
4307,1829
4308,1830
4309,1840
4310,1845
4311,1856
4312,1856
4313,1856
4314,1871
4315,1875
4316,1877
4317,1877
4318,1885
4319,1887
4320,1885
4321,1886
4322,1883
4323,1887
4324,1885
4325,1895
4326,1884
4327,1878
4328,1883
4329,1878
4330,1872
4331,1874
4332,1872
4333,1872
4334,1870
4335,1869
4336,1867
4337,1871
4338,1869
4339,1872
4340,1868
4341,1872
4342,1876
4343,1878
4344,1872
4345,1875
4346,1874
4347,1879
4348,1881
4349,1888
4350,1891
4351,1895
4352,1897
4353,1905
4354,1910
4355,1915
4356,1925
4357,1939
4358,1939
4359,1942
4360,1954
4361,1948
4362,1969
4363,1968
4364,1973
4365,1983
4366,1990
4367,1998
4368,2001
4369,2007
4370,2015
4371,2021
4372,2020
4373,2025
4374,2027
4375,2031
4376,2027
4377,2032
4378,2032
4379,2032
4380,2030
4381,2022
4382,2019
4383,2016
4384,2012
4385,2005
4386,1999
4387,1993
4388,1987
4389,1983
4390,1981
4391,1973
4392,1956
4393,1953
4394,1947
4395,1931
4396,1929
4397,1918
4398,1920
4399,1911
4400,1901
4401,1902
4402,1887
4403,1893
4404,1882
4405,1876
4406,1873
4407,1874
4408,1872
4409,1870
4410,1872
4411,1869
4412,1873
4413,1881
4414,1879
4415,1895
4416,1895
4417,1904
4418,1906
4419,1927
4420,1935
4421,1955
4422,1965
4423,1972
4424,1998
4425,2013
4426,2041
4427,2044
4428,2070
4429,2096
4430,2108
4431,2129
4432,2155
4433,2179
4434,2197
4435,2222
4436,2247
4437,2272
4438,2293
4439,2315
4440,2341
4441,2369
4442,2393
4443,2416
4444,2439
4445,2462
4446,2485
4447,2509
4448,2539
4449,2547
4450,2559
4451,2586
4452,2601
4453,2611
4454,2622
4455,2640
4456,2641
4457,2651
4458,2654
4459,2668
4460,2667
4461,2672
4462,2672
4463,2672
4464,2672
4465,2660
4466,2670
4467,2659
4468,2657
4469,2657
4470,2646
4471,2641
4472,2631
4473,2622
4474,2618
4475,2610
4476,2601
4477,2589
4478,2583
4479,2559
4480,2559
4481,2551
4482,2539
4483,2532
4484,2517
4485,2510
4486,2497
4487,2485
4488,2475
4489,2463
4490,2448
4491,2439
4492,2430
4493,2417
4494,2411
4495,2399
4496,2387
4497,2381
4498,2369
4499,2364
4500,2355
4501,2349
4502,2345
4503,2341
4504,2334
4505,2331
4506,2329
4507,2336
4508,2335
4509,2342
4510,2345
4511,2350
4512,2352
4513,2357
4514,2369
4515,2378
4516,2385
4517,2395
4518,2405
4519,2417
4520,2423
4521,2431
4522,2448
4523,2448
4524,2451
4525,2471
4526,2474
4527,2477
4528,2496
4529,2491
4530,2501
4531,2511
4532,2516
4533,2517
4534,2517
4535,2527
4536,2533
4537,2543
4538,2549
4539,2553
4540,2559
4541,2559
4542,2578
4543,2582
4544,2596
4545,2605
4546,2614
4547,2621
4548,2630
4549,2639
4550,2656
4551,2662
4552,2673
4553,2677
4554,2700
4555,2711
4556,2726
4557,2741
4558,2743
4559,2764
4560,2774
4561,2780
4562,2785
4563,2800
4564,2811
4565,2825
4566,2832
4567,2847
4568,2859
4569,2874
4570,2879
4571,2900
4572,2907
4573,2924
4574,2943
4575,2955
4576,2977
4577,2994
4578,3018
4579,3035
4580,3058
4581,3083
4582,3111
4583,3112
4584,3153
4585,3182
4586,3206
4587,3238
4588,3265
4589,3302
4590,3344
4591,3376
4592,3391
4593,3395
4594,3397
4595,3399
4596,3399
4597,3395
4598,3398
4599,3397
4600,3397
4601,3402
4602,3400
4603,3399
4604,3398
4605,3399
4606,3403
4607,3397
4608,3403
4609,3405
4610,3397
4611,3397
4612,3398
4613,3398
4614,3402
4615,3399
4616,3401
4617,3397
4618,3404
4619,3397
4620,3402
4621,3402
4622,3403
4623,3403
4624,3406
4625,3403
4626,3402
4627,3408
4628,3398
4629,3403
4630,3400
4631,3403
4632,3407
4633,3402
4634,3403
4635,3394
4636,3402
4637,3398
4638,3405
4639,3404
4640,3395
4641,3399
4642,3402
4643,3396
4644,3399
4645,3405
4646,3405
4647,3407
4648,3408
4649,3403
4650,3407
4651,3408
4652,3402
4653,3393
4654,3408
4655,3406
4656,3407
4657,3405
4658,3399
4659,3402
4660,3403
4661,3403
4662,3408
4663,3402
4664,3398
4665,3405
4666,3401
4667,3405
4668,3402
4669,3405
4670,3402
4671,3404
4672,3407
4673,3408
4674,3399
4675,3402
4676,3404
4677,3402
4678,3401
4679,3407
4680,3407
4681,3408
4682,3402
4683,3407
4684,3403
4685,3403
4686,3407
4687,3406
4688,3403
4689,3402
4690,3405
4691,3409
4692,3399
4693,3399
4694,3408
4695,3401
4696,3406
4697,3406
4698,3403
4699,3406
4700,3405
4701,3403
4702,3403
4703,3403
4704,3406
4705,3405
4706,3397
4707,3407
4708,3403
4709,3408
4710,3399
4711,3403
4712,3405
4713,3405
4714,3408
4715,3403
4716,3406
4717,3408
4718,3399
4719,3403
4720,3403
4721,3403
4722,3405
4723,3408
4724,3406
4725,3403
4726,3405
4727,3408
4728,3404
4729,3407
4730,3407
4731,3408
4732,3405
4733,3408
4734,3406
4735,3406
4736,3401
4737,3400
4738,3403
4739,3399
4740,3402
4741,3401
4742,3403
4743,3409
4744,3402
4745,3406
4746,3406
4747,3403
4748,3402
4749,3406
4750,3404
4751,3399
4752,3404
4753,3408
4754,3399
4755,3405
4756,3402
4757,3408
4758,3401
4759,3408
4760,3408
4761,3402
4762,3406
4763,3401
4764,3405
4765,3403
4766,3398
4767,3402
4768,3407
4769,3403
4770,3408
4771,3407
4772,3402
4773,3408
4774,3408
4775,3400
4776,3404
4777,3404
4778,3401
4779,3403
4780,3405
4781,3403
4782,3401
4783,3407
4784,3405
4785,3399
4786,3406
4787,3404
4788,3408
4789,3402
4790,3403
4791,3403
4792,3273
4793,3122
4794,2987
4795,2861
4796,2733
4797,2610
4798,2480
4799,2359
4800,2245
4801,2128
4802,2013
4803,1899
4804,1789
4805,1682
4806,1571
4807,1471
4808,1373
4809,1261
4810,1167
4811,1083
4812,1001
4813,931
4814,863
4815,801
4816,747
4817,691
4818,646
4819,600
4820,560
4821,528
4822,491
4823,468
4824,442
4825,425
4826,400
4827,368
4828,363
4829,342
4830,331
4831,314
4832,289
4833,282
4834,274
4835,261
4836,242
4837,234
4838,214
4839,199
4840,176
4841,146
4842,129
4843,106
4844,84
4845,66
4846,45
4847,17
4848,0
4849,0
4850,0
4851,0
4852,0
4853,0
4854,0
4855,0
4856,0
4857,0
4858,0
4859,0
4860,0
4861,0
4862,0
4863,0
4864,0
4865,0
4866,0
4867,0
4868,0
4869,0
4870,0
4871,0
4872,0
4873,0
4874,0
4875,0
4876,0
4877,0
4878,0
4879,0
4880,3
4881,53
4882,110
4883,167
4884,230
4885,290
4886,363
4887,418
4888,481
4889,549
4890,599
4891,656
4892,719
4893,769
4894,827
4895,895
4896,941
4897,992
4898,1047
4899,1093
4900,1139
4901,1191
4902,1239
4903,1285
4904,1328
4905,1373
4906,1420
4907,1463
4908,1499
4909,1552
4910,1589
4911,1629
4912,1671
4913,1709
4914,1747
4915,1793
4916,1836
4917,1872
4918,1911
4919,1943
4920,1985
4921,2022
4922,2059
4923,2096
4924,2128
4925,2169
4926,2210
4927,2244
4928,2286
4929,2331
4930,2375
4931,2417
4932,2453
4933,2511
4934,2547
4935,2593
4936,2636
4937,2674
4938,2709
4939,2761
4940,2784
4941,2821
4942,2854
4943,2896
4944,2910
4945,2929
4946,2945
4947,2961
4948,2964
4949,2983
4950,2981
4951,2979
4952,2983
4953,2977
4954,2971
4955,2954
4956,2931
4957,2913
4958,2891
4959,2853
4960,2813
4961,2768
4962,2731
4963,2681
4964,2618
4965,2559
4966,2512
4967,2453
4968,2387
4969,2320
4970,2247
4971,2179
4972,2110
4973,2018
4974,1952
4975,1881
4976,1805
4977,1727
4978,1655
4979,1583
4980,1508
4981,1435
4982,1358
4983,1291
4984,1222
4985,1155
4986,1090
4987,1017
4988,954
4989,881
4990,822
4991,761
4992,695
4993,634
4994,567
4995,511
4996,454
4997,389
4998,336
4999,285
5000,234
5001,186
5002,145
5003,109
5004,63
5005,19
5006,1
5007,0
5008,0
5009,0
5010,0
5011,0
5012,0
5013,0
5014,0
5015,0
5016,0
5017,0
5018,0
5019,0
5020,0
5021,0
5022,0
5023,0
5024,0
5025,0
5026,0
5027,0
5028,0
5029,0
5030,0
5031,0
5032,0
5033,0
5034,0
5035,0
5036,0
5037,0
5038,0
5039,0
5040,0
5041,0
5042,0
5043,0
5044,0
5045,0
5046,0
5047,0
5048,0
5049,0
5050,0
5051,0
5052,0
5053,0
5054,0
5055,0
5056,0
5057,0
5058,0
5059,0
5060,0
5061,0
5062,0
5063,16
5064,49
5065,81
5066,121
5067,152
5068,193
5069,223
5070,261
5071,293
5072,322
5073,354
5074,388
5075,419
5076,453
5077,481
5078,511
5079,547
5080,576
5081,602
5082,627
5083,659
5084,688
5085,709
5086,736
5087,765
5088,793
5089,822
5090,853
5091,882
5092,902
5093,936
5094,967
5095,991
5096,1023
5097,1055
5098,1077
5099,1107
5100,1131
5101,1162
5102,1184
5103,1214
5104,1238
5105,1264
5106,1289
5107,1303
5108,1329
5109,1344
5110,1371
5111,1398
5112,1408
5113,1435
5114,1453
5115,1471
5116,1488
5117,1510
5118,1521
5119,1535
5120,1566
5121,1578
5122,1594
5123,1602
5124,1629
5125,1635
5126,1643
5127,1651
5128,1666
5129,1678
5130,1680
5131,1694
5132,1692
5133,1709
5134,1712
5135,1725
5136,1727
5137,1733
5138,1744
5139,1748
5140,1748
5141,1757
5142,1755
5143,1760
5144,1773
5145,1766
5146,1773
5147,1776
5148,1786
5149,1787
5150,1795
5151,1794
5152,1794
5153,1794
5154,1799
5155,1795
5156,1801
5157,1799
5158,1797
5159,1803
5160,1808
5161,1809
5162,1808
5163,1808
5164,1821
5165,1814
5166,1822
5167,1828
5168,1838
5169,1842
5170,1849
5171,1856
5172,1875
5173,1883
5174,1901
5175,1904
5176,1925
5177,1938
5178,1954
5179,1978
5180,1984
5181,2017
5182,2042
5183,2069
5184,2096
5185,2117
5186,2154
5187,2183
5188,2219
5189,2256
5190,2288
5191,2335
5192,2371
5193,2418
5194,2461
5195,2498
5196,2554
5197,2609
5198,2662
5199,2713
5200,2765
5201,2829
5202,2875
5203,2933
5204,2992
5205,3056
5206,3113
5207,3179
5208,3239
5209,3301
5210,3358
5211,3392
5212,3398
5213,3399
5214,3396
5215,3404
5216,3398
5217,3397
5218,3402
5219,3402
5220,3394
5221,3407
5222,3396
5223,3397
5224,3400
5225,3395
5226,3399
5227,3402
5228,3403
5229,3399
5230,3405
5231,3397
5232,3399
5233,3403
5234,3400
5235,3403
5236,3405
5237,3397
5238,3403
5239,3399
5240,3398
5241,3403
5242,3398
5243,3398
5244,3391
5245,3393
5246,3399
5247,3405
5248,3403
5249,3398
5250,3406
5251,3398
5252,3401
5253,3405
5254,3399
5255,3398
5256,3408
5257,3398
5258,3391
5259,3402
5260,3404
5261,3397
5262,3399
5263,3402
5264,3396
5265,3406
5266,3396
5267,3399
5268,3389
5269,3393
5270,3405
5271,3409
5272,3404
5273,3404
5274,3405
5275,3403
5276,3393
5277,3401
5278,3406
5279,3393
5280,3399
5281,3399
5282,3398
5283,3397
5284,3403
5285,3401
5286,3395
5287,3403
5288,3403
5289,3399
5290,3402
5291,3406
5292,3395
5293,3401
5294,3398
5295,3402
5296,3403
5297,3401
5298,3402
5299,3401
5300,3407
5301,3403
5302,3403
5303,3403
5304,3403
5305,3403
5306,3408
5307,3401
5308,3402
5309,3399
5310,3405
5311,3405
5312,3403
5313,3406
5314,3402
5315,3399
5316,3397
5317,3399
5318,3402
5319,3395
5320,3399
5321,3398
5322,3401
5323,3401
5324,3404
5325,3406
5326,3406
5327,3402
5328,3403
5329,3399
5330,3403
5331,3403
5332,3402
5333,3403
5334,3397
5335,3403
5336,3394
5337,3399
5338,3402
5339,3405
5340,3405
5341,3403
5342,3403
5343,3406
5344,3402
5345,3402
5346,3399
5347,3401
5348,3398
5349,3399
5350,3401
5351,3400
5352,3404
5353,3402
5354,3402
5355,3404
5356,3406
5357,3403
5358,3402
5359,3401
5360,3406
5361,3407
5362,3407
5363,3397
5364,3399
5365,3399
5366,3402
5367,3403
5368,3404
5369,3405
5370,3313
5371,3233
5372,3133
5373,3049
5374,2958
5375,2876
5376,2798
5377,2726
5378,2642
5379,2559
5380,2500
5381,2425
5382,2358
5383,2285
5384,2224
5385,2157
5386,2085
5387,2021
5388,1965
5389,1905
5390,1846
5391,1790
5392,1741
5393,1685
5394,1649
5395,1608
5396,1581
5397,1535
5398,1518
5399,1494
5400,1477
5401,1460
5402,1456
5403,1438
5404,1434
5405,1429
5406,1433
5407,1433
5408,1440
5409,1453
5410,1469
5411,1471
5412,1490
5413,1509
5414,1527
5415,1553
5416,1574
5417,1600
5418,1619
5419,1648
5420,1671
5421,1695
5422,1718
5423,1746
5424,1767
5425,1793
5426,1807
5427,1838
5428,1857
5429,1879
5430,1900
5431,1917
5432,1933
5433,1943
5434,1963
5435,1975
5436,1990
5437,1995
5438,2013
5439,2012
5440,2021
5441,2027
5442,2032
5443,2032
5444,2030
5445,2021
5446,2023
5447,2003
5448,1995
5449,1972
5450,1958
5451,1945
5452,1925
5453,1908
5454,1890
5455,1880
5456,1861
5457,1840
5458,1824
5459,1805
5460,1786
5461,1771
5462,1744
5463,1728
5464,1706
5465,1680
5466,1658
5467,1642
5468,1616
5469,1596
5470,1581
5471,1553
5472,1527
5473,1500
5474,1476
5475,1456
5476,1428
5477,1403
5478,1379
5479,1351
5480,1325
5481,1294
5482,1266
5483,1231
5484,1210
5485,1179
5486,1154
5487,1136
5488,1098
5489,1070
5490,1053
5491,1023
5492,995
5493,977
5494,957
5495,934
5496,912
5497,891
5498,875
5499,857
5500,847
5501,831
5502,816
5503,805
5504,785
5505,781
5506,773
5507,765
5508,769
5509,759
5510,753
5511,750
5512,752
5513,739
5514,751
5515,754
5516,757
5517,759
5518,774
5519,777
5520,790
5521,798
5522,799
5523,810
5524,829
5525,834
5526,854
5527,874
5528,886
5529,912
5530,929
5531,949
5532,973
5533,1001
5534,1018
5535,1046
5536,1069
5537,1090
5538,1117
5539,1136
5540,1153
5541,1177
5542,1191
5543,1215
5544,1223
5545,1247
5546,1264
5547,1277
5548,1285
5549,1296
5550,1311
5551,1319
5552,1328
5553,1338
5554,1349
5555,1360
5556,1369
5557,1385
5558,1376
5559,1392
5560,1399
5561,1403
5562,1406
5563,1407
5564,1408
5565,1412
5566,1411
5567,1414
5568,1417
5569,1409
5570,1422
5571,1410
5572,1410
5573,1411
5574,1402
5575,1402
5576,1387
5577,1386
5578,1385
5579,1371
5580,1365
5581,1353
5582,1342
5583,1334
5584,1328
5585,1312
5586,1299
5587,1293
5588,1279
5589,1264
5590,1248
5591,1235
5592,1227
5593,1214
5594,1200
5595,1191
5596,1174
5597,1173
5598,1158
5599,1158
5600,1152
5601,1149
5602,1136
5603,1136
5604,1137
5605,1137
5606,1137
5607,1139
5608,1148
5609,1151
5610,1159
5611,1171
5612,1169
5613,1175
5614,1189
5615,1201
5616,1217
5617,1232
5618,1243
5619,1262
5620,1264
5621,1282
5622,1289
5623,1305
5624,1323
5625,1340
5626,1351
5627,1365
5628,1391
5629,1402
5630,1422
5631,1429
5632,1453
5633,1472
5634,1492
5635,1518
5636,1535
5637,1555
5638,1577
5639,1605
5640,1616
5641,1637
5642,1655
5643,1680
5644,1696
5645,1719
5646,1742
5647,1765
5648,1778
5649,1799
5650,1810
5651,1833
5652,1852
5653,1871
5654,1885
5655,1898
5656,1911
5657,1929
5658,1935
5659,1948
5660,1967
5661,1977
5662,1983
5663,1995
5664,1999
5665,2005
5666,2019
5667,2019
5668,2032
5669,2031
5670,2035
5671,2038
5672,2032
5673,2039
5674,2044
5675,2044
5676,2046
5677,2038
5678,2054
5679,2034
5680,2021
5681,2032
5682,2026
5683,2023
5684,2015
5685,2017
5686,2014
5687,2000
5688,2000
5689,1998
5690,1999
5691,1985
5692,1989
5693,1979
5694,1980
5695,1973
5696,1978
5697,1978
5698,1967
5699,1966
5700,1959
5701,1955
5702,1956
5703,1951
5704,1952
5705,1942
5706,1943
5707,1938
5708,1936
5709,1932
5710,1935
5711,1934
5712,1928
5713,1929
5714,1927
5715,1926
5716,1917
5717,1919
5718,1910
5719,1908
5720,1910
5721,1909
5722,1912
5723,1909
5724,1910
5725,1909
5726,1913
5727,1909
5728,1917
5729,1917
5730,1920
5731,1919
5732,1914
5733,1914
5734,1918
5735,1915
5736,1919
5737,1919
5738,1914
5739,1919
5740,1913
5741,1913
5742,1905
5743,1913
5744,1904
5745,1904
5746,1904
5747,1897
5748,1895
5749,1894
5750,1897
5751,1894
5752,1889
5753,1886
5754,1878
5755,1872
5756,1873
5757,1872
5758,1867
5759,1861
5760,1858
5761,1855
5762,1846
5763,1850
5764,1847
5765,1841
5766,1840
5767,1843
5768,1837
5769,1829
5770,1835
5771,1829
5772,1825
5773,1822
5774,1825
5775,1826
5776,1827
5777,1821
5778,1820
5779,1811
5780,1817
5781,1818
5782,1817
5783,1815
5784,1822
5785,1813
5786,1814
5787,1808
5788,1811
5789,1808
5790,1805
5791,1797
5792,1793
5793,1793
5794,1791
5795,1785
5796,1783
5797,1776
5798,1776
5799,1775
5800,1776
5801,1776
5802,1776
5803,1770
5804,1766
5805,1774
5806,1775
5807,1776
5808,1781
5809,1776
5810,1776
5811,1779
5812,1779
5813,1782
5814,1791
5815,1793
5816,1792
5817,1802
5818,1796
5819,1808
5820,1809
5821,1814
5822,1814
5823,1821
5824,1822
5825,1825
5826,1826
5827,1824
5828,1824
5829,1829
5830,1830
5831,1836
5832,1833
5833,1839
5834,1841
5835,1840
5836,1842
5837,1847
5838,1853
5839,1850
5840,1853
5841,1857
5842,1862
5843,1868
5844,1872
5845,1873
5846,1879
5847,1877
5848,1888
5849,1891
5850,1894
5851,1904
5852,1907
5853,1907
5854,1920
5855,1925
5856,1925
5857,1931
5858,1927
5859,1939
5860,1938
5861,1942
5862,1945
5863,1942
5864,1938
5865,1939
5866,1941
5867,1948
5868,1937
5869,1947
5870,1936
5871,1950
5872,1952
5873,1955
5874,1955
5875,1957
5876,1968
5877,1977
5878,1983
5879,1987
5880,1991
5881,2004
5882,2012
5883,2029
5884,2033
5885,2039
5886,2055
5887,2064
5888,2068
5889,2074
5890,2086
5891,2092
5892,2096
5893,2105
5894,2112
5895,2110
5896,2113
5897,2114
5898,2127
5899,2131
5900,2134
5901,2131
5902,2134
5903,2138
5904,2134
5905,2143
5906,2145
5907,2145
5908,2151
5909,2153
5910,2155
5911,2157
5912,2155
5913,2153
5914,2149
5915,2158
5916,2148
5917,2143
5918,2144
5919,2147
5920,2141
5921,2140
5922,2143
5923,2140
5924,2129
5925,2129
5926,2130
5927,2127
5928,2123
5929,2114
5930,2105
5931,2116
5932,2096
5933,2096
5934,2089
5935,2081
5936,2071
5937,2078
5938,2059
5939,2045
5940,2042
5941,2037
5942,2029
5943,2020
5944,2013
5945,2009
5946,2000
5947,1997
5948,1987
5949,1975
5950,1970
5951,1970
5952,1959
5953,1958
5954,1956
5955,1949
5956,1952
5957,1941
5958,1939
5959,1943
5960,1941
5961,1939
5962,1943
5963,1948
5964,1954
5965,1959
5966,1955
5967,1966
5968,1967
5969,1981
5970,1982
5971,1987
5972,1991
5973,2000
5974,2013
5975,2023
5976,2029
5977,2032
5978,2037
5979,2045
5980,2058
5981,2068
5982,2077
5983,2082
5984,2096
5985,2093
5986,2101
5987,2108
5988,2112
5989,2115
5990,2127
5991,2133
5992,2128
5993,2133
5994,2140
5995,2145
5996,2148
5997,2141
5998,2140
5999,2143
6000,2140
6001,2143
6002,2145
6003,2141
6004,2143
6005,2136
6006,2130
6007,2129
6008,2125
6009,2128
6010,2125
6011,2119
6012,2119
6013,2113
6014,2115
6015,2105
6016,2102
6017,2099
6018,2102
6019,2099
6020,2103
6021,2100
6022,2095
6023,2096
6024,2083
6025,2094
6026,2096
6027,2096
6028,2092
6029,2096
6030,2096
6031,2093
6032,2096
6033,2096
6034,2108
6035,2114
6036,2113
6037,2109
6038,2124
6039,2127
6040,2135
6041,2135
6042,2139
6043,2145
6044,2155
6045,2148
6046,2163
6047,2160
6048,2154
6049,2173
6050,2172
6051,2178
6052,2185
6053,2190
6054,2194
6055,2203
6056,2204
6057,2214
6058,2219
6059,2224
6060,2227
6061,2238
6062,2251
6063,2257
6064,2249
6065,2269
6066,2271
6067,2275
6068,2274
6069,2294
6070,2297
6071,2300
6072,2305
6073,2311
6074,2322
6075,2323
6076,2338
6077,2337
6078,2351
6079,2362
6080,2365
6081,2372
6082,2378
6083,2384
6084,2390
6085,2402
6086,2407
6087,2416
6088,2417
6089,2426
6090,2431
6091,2432
6092,2431
6093,2431
6094,2438
6095,2427
6096,2433
6097,2429
6098,2426
6099,2423
6100,2413
6101,2415
6102,2406
6103,2405
6104,2402
6105,2390
6106,2379
6107,2373
6108,2366
6109,2356
6110,2345
6111,2333
6112,2320
6113,2307
6114,2288
6115,2274
6116,2265
6117,2246
6118,2227
6119,2200
6120,2192
6121,2176
6122,2160
6123,2143
6124,2128
6125,2110
6126,2096
6127,2077
6128,2064
6129,2038
6130,2026
6131,2012
6132,1995
6133,1979
6134,1966
6135,1946
6136,1936
6137,1917
6138,1902
6139,1892
6140,1878
6141,1861
6142,1858
6143,1840
6144,1834
6145,1810
6146,1807
6147,1796
6148,1786
6149,1777
6150,1765
6151,1763
6152,1759
6153,1749
6154,1741
6155,1735
6156,1738
6157,1734
6158,1730
6159,1725
6160,1716
6161,1715
6162,1719
6163,1713
6164,1713
6165,1713
6166,1712
6167,1717
6168,1715
6169,1716
6170,1714
6171,1713
6172,1719
6173,1717
6174,1724
6175,1729
6176,1731
6177,1731
6178,1739
6179,1747
6180,1754
6181,1756
6182,1767
6183,1772
6184,1778
6185,1784
6186,1795
6187,1799
6188,1805
6189,1811
6190,1823
6191,1837
6192,1840
6193,1855
6194,1866
6195,1875
6196,1886
6197,1904
6198,1913
6199,1926
6200,1942
6201,1961
6202,1971
6203,1994
6204,2007
6205,2021
6206,2035
6207,2059
6208,2070
6209,2075
6210,2090
6211,2098
6212,2115
6213,2128
6214,2138
6215,2147
6216,2160
6217,2173
6218,2176
6219,2181
6220,2189
6221,2192
6222,2195
6223,2199
6224,2202
6225,2208
6226,2206
6227,2198
6228,2197
6229,2201
6230,2190
6231,2183
6232,2179
6233,2170
6234,2160
6235,2151
6236,2142
6237,2133
6238,2123
6239,2111
6240,2099
6241,2091
6242,2075
6243,2064
6244,2043
6245,2036
6246,2023
6247,2009
6248,2000
6249,1987
6250,1968
6251,1960
6252,1950
6253,1936
6254,1921
6255,1922
6256,1901
6257,1894
6258,1886
6259,1875
6260,1862
6261,1853
6262,1845
6263,1840
6264,1828
6265,1825
6266,1819
6267,1818
6268,1808
6269,1808
6270,1801
6271,1797
6272,1778
6273,1778
6274,1782
6275,1778
6276,1776
6277,1776
6278,1775
6279,1765
6280,1761
6281,1759
6282,1748
6283,1743
6284,1722
6285,1718
6286,1706
6287,1702
6288,1686
6289,1682
6290,1676
6291,1662
6292,1653
6293,1646
6294,1627
6295,1615
6296,1599
6297,1587
6298,1573
6299,1558
6300,1535
6301,1535
6302,1529
6303,1522
6304,1520
6305,1514
6306,1523
6307,1510
6308,1525
6309,1528
6310,1527
6311,1532
6312,1535
6313,1554
6314,1552
6315,1571
6316,1565
6317,1582
6318,1589
6319,1600
6320,1603
6321,1616
6322,1626
6323,1628
6324,1641
6325,1650
6326,1648
6327,1653
6328,1654
6329,1662
6330,1667
6331,1665
6332,1676
6333,1681
6334,1691
6335,1695
6336,1706
6337,1713
6338,1724
6339,1728
6340,1744
6341,1754
6342,1762
6343,1777
6344,1799
6345,1808
6346,1819
6347,1835
6348,1854
6349,1869
6350,1885
6351,1904
6352,1923
6353,1936
6354,1957
6355,1973
6356,2000
6357,2021
6358,2046
6359,2079
6360,2103
6361,2129
6362,2149
6363,2178
6364,2207
6365,2227
6366,2259
6367,2298
6368,2320
6369,2352
6370,2384
6371,2405
6372,2434
6373,2463
6374,2495
6375,2522
6376,2559
6377,2601
6378,2624
6379,2668
6380,2698
6381,2731
6382,2768
6383,2805
6384,2851
6385,2894
6386,2931
6387,2966
6388,3008
6389,3045
6390,3089
6391,3111
6392,3137
6393,3164
6394,3169
6395,3182
6396,3189
6397,3182
6398,3183
6399,3178
6400,3161
6401,3150
6402,3125
6403,3107
6404,3082
6405,3056
6406,3033
6407,2994
6408,2967
6409,2937
6410,2899
6411,2869
6412,2839
6413,2800
6414,2764
6415,2726
6416,2685
6417,2642
6418,2606
6419,2559
6420,2521
6421,2478
6422,2437
6423,2395
6424,2361
6425,2314
6426,2272
6427,2234
6428,2197
6429,2160
6430,2128
6431,2090
6432,2058
6433,2013
6434,1983
6435,1951
6436,1920
6437,1890
6438,1866
6439,1834
6440,1810
6441,1786
6442,1759
6443,1744
6444,1718
6445,1706
6446,1680
6447,1665
6448,1648
6449,1637
6450,1630
6451,1615
6452,1598
6453,1591
6454,1583
6455,1569
6456,1558
6457,1532
6458,1534
6459,1527
6460,1520
6461,1506
6462,1498
6463,1489
6464,1488
6465,1474
6466,1472
6467,1456
6468,1456
6469,1445
6470,1440
6471,1430
6472,1429
6473,1424
6474,1415
6475,1413
6476,1407
6477,1414
6478,1396
6479,1395
6480,1392
6481,1391
6482,1389
6483,1389
6484,1385
6485,1386
6486,1392
6487,1383
6488,1387
6489,1390
6490,1393
6491,1392
6492,1392
6493,1392
6494,1393
6495,1407
6496,1406
6497,1409
6498,1413
6499,1424
6500,1421
6501,1428
6502,1444
6503,1456
6504,1462
6505,1483
6506,1488
6507,1497
6508,1518
6509,1531
6510,1535
6511,1569
6512,1586
6513,1595
6514,1617
6515,1642
6516,1656
6517,1673
6518,1690
6519,1712
6520,1728
6521,1746
6522,1748
6523,1785
6524,1791
6525,1803
6526,1810
6527,1823
6528,1837
6529,1840
6530,1849
6531,1858
6532,1870
6533,1885
6534,1876
6535,1876
6536,1878
6537,1875
6538,1875
6539,1875
6540,1866
6541,1859
6542,1855
6543,1853
6544,1840
6545,1827
6546,1808
6547,1803
6548,1792
6549,1779
6550,1758
6551,1745
6552,1731
6553,1707
6554,1691
6555,1677
6556,1648
6557,1623
6558,1601
6559,1584
6560,1567
6561,1534
6562,1510
6563,1486
6564,1470
6565,1453
6566,1424
6567,1403
6568,1386
6569,1363
6570,1342
6571,1327
6572,1306
6573,1296
6574,1267
6575,1262
6576,1247
6577,1232
6578,1232
6579,1223
6580,1221
6581,1225
6582,1232
6583,1234
6584,1247
6585,1253
6586,1264
6587,1275
6588,1296
6589,1312
6590,1330
6591,1351
6592,1374
6593,1392
6594,1418
6595,1441
6596,1469
6597,1488
6598,1513
6599,1535
6600,1568
6601,1593
6602,1619
6603,1640
6604,1655
6605,1681
6606,1709
6607,1737
6608,1751
6609,1772
6610,1787
6611,1808
6612,1829
6613,1838
6614,1859
6615,1870
6616,1887
6617,1901
6618,1909
6619,1917
6620,1930
6621,1936
6622,1941
6623,1949
6624,1942
6625,1943
6626,1943
6627,1939
6628,1938
6629,1936
6630,1927
6631,1918
6632,1909
6633,1904
6634,1903
6635,1888
6636,1878
6637,1882
6638,1867
6639,1858
6640,1849
6641,1842
6642,1829
6643,1818
6644,1809
6645,1799
6646,1786
6647,1776
6648,1769
6649,1757
6650,1738
6651,1735
6652,1725
6653,1715
6654,1705
6655,1702
6656,1699
6657,1686
6658,1685
6659,1675
6660,1680
6661,1670
6662,1670
6663,1666
6664,1665
6665,1664
6666,1664
6667,1655
6668,1662
6669,1663
6670,1658
6671,1653
6672,1656
6673,1654
6674,1653
6675,1653
6676,1653
6677,1651
6678,1654
6679,1655
6680,1658
6681,1661
6682,1653
6683,1653
6684,1655
6685,1658
6686,1667
6687,1667
6688,1670
6689,1678
6690,1679
6691,1692
6692,1693
6693,1693
6694,1708
6695,1712
6696,1725
6697,1725
6698,1744
6699,1755
6700,1763
6701,1776
6702,1788
6703,1808
6704,1819
6705,1839
6706,1855
6707,1867
6708,1882
6709,1894
6710,1921
6711,1937
6712,1952
6713,1968
6714,1993
6715,2011
6716,2017
6717,2043
6718,2064
6719,2077
6720,2096
6721,2101
6722,2128
6723,2139
6724,2160
6725,2169
6726,2185
6727,2198
6728,2199
6729,2223
6730,2230
6731,2247
6732,2256
6733,2265
6734,2279
6735,2283
6736,2301
6737,2302
6738,2311
6739,2318
6740,2320
6741,2323
6742,2325
6743,2329
6744,2330
6745,2329
6746,2339
6747,2334
6748,2345
6749,2335
6750,2335
6751,2330
6752,2319
6753,2317
6754,2311
6755,2298
6756,2297
6757,2282
6758,2273
6759,2256
6760,2239
6761,2223
6762,2203
6763,2183
6764,2160
6765,2134
6766,2112
6767,2096
6768,2067
6769,2043
6770,2013
6771,1990
6772,1958
6773,1932
6774,1904
6775,1872
6776,1843
6777,1814
6778,1790
6779,1761
6780,1737
6781,1717
6782,1691
6783,1669
6784,1648
6785,1627
6786,1603
6787,1589
6788,1575
6789,1554
6790,1531
6791,1511
6792,1506
6793,1494
6794,1482
6795,1471
6796,1459
6797,1456
6798,1450
6799,1447
6800,1440
6801,1441
6802,1445
6803,1451
6804,1449
6805,1456
6806,1456
6807,1466
6808,1475
6809,1481
6810,1484
6811,1494
6812,1505
6813,1513
6814,1520
6815,1525
6816,1525
6817,1535
6818,1558
6819,1570
6820,1573
6821,1585
6822,1588
6823,1598
6824,1598
6825,1604
6826,1616
6827,1616
6828,1614
6829,1612
6830,1620
6831,1622
6832,1632
6833,1632
6834,1642
6835,1645
6836,1644
6837,1650
6838,1650
6839,1655
6840,1665
6841,1666
6842,1671
6843,1681
6844,1685
6845,1695
6846,1701
6847,1712
6848,1714
6849,1719
6850,1722
6851,1729
6852,1727
6853,1745
6854,1744
6855,1754
6856,1758
6857,1758
6858,1761
6859,1761
6860,1767
6861,1773
6862,1774
6863,1775
6864,1776
6865,1786
6866,1779
6867,1786
6868,1791
6869,1785
6870,1797
6871,1794
6872,1802
6873,1801
6874,1799
6875,1808
6876,1808
6877,1808
6878,1801
6879,1808
6880,1813
6881,1818
6882,1819
6883,1824
6884,1829
6885,1834
6886,1837
6887,1839
6888,1851
6889,1859
6890,1859
6891,1868
6892,1878
6893,1883
6894,1890
6895,1902
6896,1910
6897,1913
6898,1930
6899,1935
6900,1951
6901,1954
6902,1966
6903,1979
6904,1991
6905,2000
6906,2000
6907,2010
6908,2015
6909,2032
6910,2032
6911,2039
6912,2045
6913,2047
6914,2059
6915,2066
6916,2074
6917,2080
6918,2084
6919,2096
6920,2096
6921,2101
6922,2106
6923,2114
6924,2114
6925,2116
6926,2111
6927,2125
6928,2119
6929,2117
6930,2121
6931,2123
6932,2125
6933,2123
6934,2118
6935,2119
6936,2112
6937,2115
6938,2112
6939,2113
6940,2107
6941,2101
6942,2101
6943,2101
6944,2099
6945,2103
6946,2082
6947,2087
6948,2074
6949,2068
6950,2073
6951,2075
6952,2073
6953,2074
6954,2068
6955,2065
6956,2064
6957,2064
6958,2062
6959,2060
6960,2062
6961,2038
6962,2044
6963,2055
6964,2045
6965,2042
6966,2055
6967,2044
6968,2040
6969,2042
6970,2045
6971,2039
6972,2043
6973,2041
6974,2045
6975,2058
6976,2059
6977,2057
6978,2064
6979,2067
6980,2070
6981,2078
6982,2080
6983,2096
6984,2097
6985,2104
6986,2114
6987,2116
6988,2125
6989,2132
6990,2143
6991,2154
6992,2157
6993,2171
6994,2181
6995,2176
6996,2189
6997,2202
6998,2208
6999,2221
7000,2223
7001,2223
7002,2237
7003,2237
7004,2257
7005,2262
7006,2273
7007,2284
7008,2295
7009,2305
7010,2315
7011,2327
7012,2330
7013,2346
7014,2351
7015,2362
7016,2371
7017,2379
7018,2384
7019,2390
7020,2394
7021,2399
7022,2412
7023,2412
7024,2416
7025,2412
7026,2416
7027,2417
7028,2416
7029,2411
7030,2416
7031,2409
7032,2409
7033,2403
7034,2400
7035,2395
7036,2384
7037,2369
7038,2367
7039,2359
7040,2352
7041,2335
7042,2334
7043,2320
7044,2307
7045,2290
7046,2279
7047,2263
7048,2257
7049,2237
7050,2223
7051,2209
7052,2192
7053,2178
7054,2165
7055,2141
7056,2128
7057,2110
7058,2101
7059,2069
7060,2067
7061,2055
7062,2034
7063,2029
7064,2007
7065,2001
7066,1991
7067,1987
7068,1968
7069,1962
7070,1962
7071,1951
7072,1953
7073,1941
7074,1935
7075,1938
7076,1936
7077,1946
7078,1945
7079,1941
7080,1953
7081,1946
7082,1956
7083,1962
7084,1968
7085,1971
7086,1983
7087,1984
7088,1989
7089,2001
7090,2007
7091,2017
7092,2031
7093,2033
7094,2046
7095,2058
7096,2066
7097,2070
7098,2079
7099,2090
7100,2096
7101,2099
7102,2107
7103,2113
7104,2126
7105,2134
7106,2134
7107,2140
7108,2142
7109,2149
7110,2143
7111,2154
7112,2155
7113,2149
7114,2159
7115,2160
7116,2160
7117,2157
7118,2165
7119,2166
7120,2162
7121,2165
7122,2167
7123,2172
7124,2167
7125,2172
7126,2165
7127,2162
7128,2161
7129,2157
7130,2162
7131,2150
7132,2147
7133,2148
7134,2143
7135,2144
7136,2139
7137,2130
7138,2127
7139,2127
7140,2121
7141,2117
7142,2105
7143,2106
7144,2096
7145,2093
7146,2081
7147,2067
7148,2070
7149,2064
7150,2064
7151,2056
7152,2036
7153,2036
7154,2033
7155,2030
7156,2029
7157,2021
7158,2021
7159,2015
7160,2014
7161,2007
7162,2006
7163,2005
7164,2002
7165,2002
7166,2000
7167,2001
7168,2001
7169,2000
7170,2000
7171,2002
7172,2001
7173,2010
7174,2012
7175,2015
7176,2015
7177,2017
7178,2016
7179,2027
7180,2030
7181,2037
7182,2039
7183,2037
7184,2046
7185,2055
7186,2062
7187,2067
7188,2064
7189,2070
7190,2073
7191,2085
7192,2091
7193,2096
7194,2091
7195,2097
7196,2101
7197,2103
7198,2111
7199,2112
7200,2114
7201,2119
7202,2121
7203,2119
7204,2127
7205,2119
7206,2127
7207,2127
7208,2128
7209,2126
7210,2128
7211,2128
7212,2128
7213,2130
7214,2130
7215,2119
7216,2128
7217,2129
7218,2128
7219,2131
7220,2127
7221,2129
7222,2129
7223,2128
7224,2128
7225,2124
7226,2127
7227,2141
7228,2128
7229,2129
7230,2129
7231,2136
7232,2132
7233,2137
7234,2131
7235,2139
7236,2145
7237,2149
7238,2142
7239,2143
7240,2149
7241,2158
7242,2159
7243,2160
7244,2160
7245,2161
7246,2160
7247,2160
7248,2160
7249,2162
7250,2160
7251,2165
7252,2159
7253,2151
7254,2154
7255,2147
7256,2150
7257,2148
7258,2149
7259,2145
7260,2140
7261,2135
7262,2131
7263,2126
7264,2122
7265,2118
7266,2111
7267,2099
7268,2102
7269,2092
7270,2089
7271,2075
7272,2078
7273,2068
7274,2065
7275,2062
7276,2058
7277,2043
7278,2035
7279,2033
7280,2029
7281,2018
7282,2017
7283,2015
7284,2007
7285,2005
7286,2000
7287,1989
7288,1983
7289,1990
7290,1979
7291,1979
7292,1971
7293,1969
7294,1968
7295,1970
7296,1963
7297,1952
7298,1955
7299,1953
7300,1949
7301,1945
7302,1931
7303,1936
7304,1936
7305,1921
7306,1923
7307,1917
7308,1913
7309,1904
7310,1906
7311,1907
7312,1904
7313,1894
7314,1893
7315,1889
7316,1889
7317,1885
7318,1890
7319,1886
7320,1881
7321,1875
7322,1881
7323,1874
7324,1881
7325,1878
7326,1878
7327,1877
7328,1878
7329,1872
7330,1876
7331,1878
7332,1876
7333,1872
7334,1873
7335,1871
7336,1868
7337,1859
7338,1858
7339,1850
7340,1838
7341,1825
7342,1806
7343,1787
7344,1771
7345,1744
7346,1726
7347,1709
7348,1679
7349,1658
7350,1637
7351,1605
7352,1583
7353,1553
7354,1528
7355,1503
7356,1476
7357,1451
7358,1428
7359,1404
7360,1384
7361,1360
7362,1335
7363,1313
7364,1295
7365,1275
7366,1266
7367,1264
7368,1257
7369,1253
7370,1251
7371,1248
7372,1245
7373,1254
7374,1261
7375,1263
7376,1270
7377,1278
7378,1294
7379,1303
7380,1313
7381,1329
7382,1341
7383,1360
7384,1371
7385,1389
7386,1407
7387,1425
7388,1450
7389,1475
7390,1498
7391,1514
7392,1535
7393,1561
7394,1584
7395,1610
7396,1631
7397,1648
7398,1675
7399,1694
7400,1715
7401,1734
7402,1757
7403,1770
7404,1797
7405,1811
7406,1834
7407,1853
7408,1872
7409,1883
7410,1891
7411,1909
7412,1925
7413,1939
7414,1946
7415,1958
7416,1969
7417,1984
7418,1977
7419,1988
7420,1996
7421,1999
7422,2000
7423,2005
7424,2011
7425,2016
7426,2027
7427,2017
7428,2026
7429,2015
7430,2023
7431,2032
7432,2032
7433,2031
7434,2035
7435,2036
7436,2036
7437,2034
7438,2038
7439,2046
7440,2047
7441,2064
7442,2071
7443,2067
7444,2075
7445,2074
7446,2087
7447,2093
7448,2098
7449,2099
7450,2113
7451,2117
7452,2125
7453,2138
7454,2147
7455,2157
7456,2163
7457,2173
7458,2176
7459,2178
7460,2186
7461,2192
7462,2194
7463,2202
7464,2207
7465,2221
7466,2222
7467,2224
7468,2227
7469,2234
7470,2235
7471,2247
7472,2256
7473,2256
7474,2259
7475,2267
7476,2280
7477,2285
7478,2286
7479,2288
7480,2308
7481,2309
7482,2317
7483,2320
7484,2326
7485,2336
7486,2339
7487,2345
7488,2347
7489,2355
7490,2357
7491,2357
7492,2358
7493,2357
7494,2355
7495,2358
7496,2357
7497,2355
7498,2352
7499,2352
7500,2352
7501,2337
7502,2339
7503,2332
7504,2329
7505,2325
7506,2319
7507,2309
7508,2303
7509,2291
7510,2288
7511,2279
7512,2271
7513,2260
7514,2245
7515,2245
7516,2237
7517,2224
7518,2212
7519,2200
7520,2191
7521,2179
7522,2171
7523,2161
7524,2146
7525,2130
7526,2127
7527,2111
7528,2103
7529,2096
7530,2085
7531,2085
7532,2083
7533,2070
7534,2064
7535,2061
7536,2047
7537,2045
7538,2034
7539,2030
7540,2023
7541,2017
7542,2016
7543,1995
7544,2000
7545,1995
7546,1989
7547,1987
7548,1984
7549,1983
7550,1981
7551,1981
7552,1979
7553,1974
7554,1970
7555,1971
7556,1970
7557,1974
7558,1968
7559,1973
7560,1979
7561,1979
7562,1985
7563,1986
7564,1986
7565,1993
7566,1987
7567,1989
7568,1973
7569,1993
7570,1992
7571,1998
7572,1996
7573,2006
7574,2000
7575,2007
7576,2007
7577,2009
7578,2017
7579,2026
7580,2026
7581,2028
7582,2036
7583,2045
7584,2047
7585,2058
7586,2065
7587,2071
7588,2071
7589,2087
7590,2095
7591,2108
7592,2112
7593,2115
7594,2128
7595,2133
7596,2138
7597,2154
7598,2160
7599,2162
7600,2175
7601,2182
7602,2192
7603,2192
7604,2199
7605,2207
7606,2219
7607,2224
7608,2223
7609,2227
7610,2238
7611,2230
7612,2249
7613,2246
7614,2256
7615,2255
7616,2251
7617,2252
7618,2249
7619,2245
7620,2241
7621,2236
7622,2237
7623,2223
7624,2224
7625,2210
7626,2209
7627,2203
7628,2192
7629,2185
7630,2178
7631,2174
7632,2163
7633,2160
7634,2160
7635,2160
7636,2157
7637,2147
7638,2143
7639,2143
7640,2147
7641,2139
7642,2133
7643,2130
7644,2126
7645,2128
7646,2125
7647,2123
7648,2115
7649,2118
7650,2112
7651,2117
7652,2105
7653,2105
7654,2099
7655,2095
7656,2092
7657,2090
7658,2089
7659,2075
7660,2082
7661,2075
7662,2075
7663,2078
7664,2066
7665,2068
7666,2064
7667,2064
7668,2064
7669,2059
7670,2063
7671,2053
7672,2054
7673,2063
7674,2046
7675,2046
7676,2036
7677,2039
7678,2030
7679,2032
7680,2023
7681,2027
7682,2027
7683,2017
7684,2015
7685,2002
7686,2001
7687,1999
7688,2000
7689,1995
7690,1987
7691,1987
7692,1983
7693,1978
7694,1978
7695,1975
7696,1971
7697,1977
7698,1971
7699,1975
7700,1968
7701,1968
7702,1966
7703,1966
7704,1967
7705,1959
7706,1962
7707,1965
7708,1964
7709,1963
7710,1968
7711,1965
7712,1968
7713,1972
7714,1972
7715,1973
7716,1980
7717,1981
7718,1985
7719,1981
7720,1986
7721,1991
7722,1999
7723,2000
7724,2005
7725,2007
7726,2011
7727,2018
7728,2019
7729,2020
7730,2016
7731,2032
7732,2032
7733,2032
7734,2038
7735,2043
7736,2042
7737,2063
7738,2054
7739,2059
7740,2061
7741,2064
7742,2067
7743,2069
7744,2065
7745,2073
7746,2065
7747,2071
7748,2069
7749,2064
7750,2068
7751,2068
7752,2060
7753,2063
7754,2062
7755,2061
7756,2047
7757,2043
7758,2045
7759,2035
7760,2033
7761,2029
7762,2031
7763,2029
7764,2027
7765,2020
7766,2017
7767,2011
7768,2011
7769,2012
7770,2010
7771,2003
7772,2007
7773,2002
7774,2004
7775,2001
7776,2000
7777,2003
7778,2005
7779,2003
7780,1999
7781,2000
7782,2000
7783,1999
7784,2002
7785,2014
7786,2013
7787,2009
7788,2016
7789,2012
7790,2014
7791,2019
7792,2027
7793,2024
7794,2032
7795,2030
7796,2031
7797,2032
7798,2032
7799,2039
7800,2041
7801,2045
7802,2057
7803,2064
7804,2062
7805,2064
7806,2064
7807,2066
7808,2073
7809,2076
7810,2080
7811,2085
7812,2083
7813,2090
7814,2089
7815,2094
7816,2097
7817,2086
7818,2091
7819,2095
7820,2086
7821,2096
7822,2097
7823,2094
7824,2095
7825,2093
7826,2098
7827,2096
7828,2103
7829,2103
7830,2098
7831,2103
7832,2099
7833,2106
7834,2105
7835,2112
7836,2107
7837,2115
7838,2117
7839,2112
7840,2099
7841,2115
7842,2115
7843,2112
7844,2115
7845,2109
7846,2107
7847,2102
7848,2103
7849,2099
7850,2097
7851,2092
7852,2081
7853,2086
7854,2080
7855,2070
7856,2063
7857,2064
7858,2059
7859,2054
7860,2055
7861,2042
7862,2038
7863,2033
7864,2030
7865,2021
7866,2014
7867,2015
7868,2007
7869,2000
7870,1998
7871,1988
7872,1983
7873,1975
7874,1973
7875,1966
7876,1953
7877,1949
7878,1945
7879,1940
7880,1933
7881,1934
7882,1920
7883,1920
7884,1915
7885,1915
7886,1911
7887,1905
7888,1904
7889,1900
7890,1903
7891,1904
7892,1902
7893,1894
7894,1887
7895,1894
7896,1885
7897,1885
7898,1880
7899,1879
7900,1876
7901,1873
7902,1881
7903,1879
7904,1877
7905,1878
7906,1883
7907,1886
7908,1888
7909,1889
7910,1887
7911,1891
7912,1879
7913,1892
7914,1893
7915,1892
7916,1901
7917,1903
7918,1905
7919,1900
7920,1906
7921,1903
7922,1906
7923,1910
7924,1905
7925,1910
7926,1906
7927,1915
7928,1917
7929,1908
7930,1907
7931,1916
7932,1913
7933,1919
7934,1929
7935,1921
7936,1918
7937,1926
7938,1923
7939,1923
7940,1936
7941,1927
7942,1933
7943,1939
7944,1937
7945,1945
7946,1943
7947,1951
7948,1957
7949,1956
7950,1961
7951,1968
7952,1977
7953,1983
7954,1985
7955,1991
7956,2000
7957,2000
7958,2001
7959,2002
7960,2011
7961,2019
7962,2019
7963,2022
7964,2030
7965,2032
7966,2038
7967,2034
7968,2043
7969,2034
7970,2037
7971,2045
7972,2039
7973,2043
7974,2046
7975,2039
7976,2042
7977,2037
7978,2046
7979,2045
7980,2037
7981,2037
7982,2042
7983,2033
7984,2032
7985,2039
7986,2037
7987,2031
7988,2031
7989,2032
7990,2019
7991,2027
7992,2027
7993,2023
7994,2029
7995,2026
7996,2026
7997,2032
7998,2032
7999,2028
8000,2029
8001,2031
8002,2032
8003,2032
8004,2032
8005,2032
8006,2032
8007,2038
8008,2035
8009,2037
8010,2043
8011,2033
8012,2045
8013,2056
8014,2060
8015,2062
8016,2064
8017,2069
8018,2065
8019,2071
8020,2071
8021,2077
8022,2086
8023,2079
8024,2093
8025,2082
8026,2092
8027,2093
8028,2093
8029,2096
8030,2096
8031,2093
8032,2096
8033,2110
8034,2105
8035,2103
8036,2105
8037,2105
8038,2106
8039,2099
8040,2096
8041,2096
8042,2095
8043,2095
8044,2082
8045,2087
8046,2084
8047,2078
8048,2074
8049,2071
8050,2068
8051,2064
8052,2062
8053,2061
8054,2059
8055,2043
8056,2037
8057,2032
8058,2030
8059,2023
8060,2017
8061,2015
8062,2010
8063,2000
8064,2003
8065,1989
8066,1984
8067,1980
8068,1982
8069,1970
8070,1962
8071,1965
8072,1953
8073,1948
8074,1950
8075,1936
8076,1929
8077,1925
8078,1922
8079,1913
8080,1911
8081,1905
8082,1900
8083,1904
8084,1889
8085,1879
8086,1872
8087,1878
8088,1873
8089,1872
8090,1870
8091,1871
8092,1868
8093,1872
8094,1872
8095,1867
8096,1872
8097,1872
8098,1873
8099,1875
8100,1876
8101,1883
8102,1881
8103,1885
8104,1893
8105,1894
8106,1901
8107,1904
8108,1907
8109,1909
8110,1923
8111,1915
8112,1930
8113,1927
8114,1926
8115,1936
8116,1937
8117,1938
8118,1943
8119,1936
8120,1955
8121,1961
8122,1964
8123,1968
8124,1969
8125,1975
8126,1975
8127,1973
8128,1991
8129,1998
8130,2000
8131,2000
8132,2006
8133,2011
8134,2026
8135,2029
8136,2041
8137,2045
8138,2054
8139,2063
8140,2073
8141,2077
8142,2085
8143,2096
8144,2103
8145,2111
8146,2121
8147,2128
8148,2135
8149,2149
8150,2154
8151,2158
8152,2166
8153,2172
8154,2176
8155,2193
8156,2191
8157,2192
8158,2196
8159,2198
8160,2202
8161,2193
8162,2203
8163,2199
8164,2201
8165,2199
8166,2195
8167,2192
8168,2186
8169,2185
8170,2187
8171,2178
8172,2182
8173,2167
8174,2161
8175,2159
8176,2151
8177,2145
8178,2138
8179,2128
8180,2127
8181,2121
8182,2112
8183,2107
8184,2101
8185,2086
8186,2082
8187,2077
8188,2064
8189,2064
8190,2064
8191,2061
8192,2060
8193,2053
8194,2042
8195,2036
8196,2031
8197,2023
8198,2025
8199,2015
8200,2002
8201,2001
8202,2005
8203,2002
8204,1995
8205,1996
8206,1994
8207,1987
8208,1984
8209,1975
8210,1978
8211,1973
8212,1970
8213,1967
8214,1959
8215,1965
8216,1964
8217,1959
8218,1949
8219,1943
8220,1939
8221,1943
8222,1944
8223,1937
8224,1934
8225,1930
8226,1935
8227,1927
8228,1934
8229,1936
8230,1935
8231,1931
8232,1937
8233,1934
8234,1939
8235,1936
8236,1943
8237,1945
8238,1951
8239,1973
8240,1966
8241,1962
8242,1973
8243,1985
8244,1991
8245,1997
8246,2005
8247,2013
8248,2016
8249,2029
8250,2035
8251,2047
8252,2063
8253,2079
8254,2086
8255,2097
8256,2109
8257,2128
8258,2135
8259,2150
8260,2167
8261,2176
8262,2192
8263,2203
8264,2224
8265,2241
8266,2258
8267,2270
8268,2287
8269,2295
8270,2316
8271,2325
8272,2350
8273,2354
8274,2369
8275,2382
8276,2384
8277,2409
8278,2416
8279,2423
8280,2434
8281,2443
8282,2445
8283,2452
8284,2449
8285,2455
8286,2458
8287,2463
8288,2458
8289,2455
8290,2449
8291,2449
8292,2442
8293,2438
8294,2431
8295,2419
8296,2413
8297,2397
8298,2390
8299,2376
8300,2359
8301,2347
8302,2329
8303,2316
8304,2291
8305,2272
8306,2254
8307,2233
8308,2211
8309,2194
8310,2170
8311,2149
8312,2129
8313,2106
8314,2093
8315,2077
8316,2054
8317,2036
8318,2016
8319,2009
8320,1983
8321,1969
8322,1956
8323,1938
8324,1922
8325,1912
8326,1895
8327,1872
8328,1862
8329,1846
8330,1831
8331,1811
8332,1796
8333,1779
8334,1765
8335,1745
8336,1730
8337,1714
8338,1700
8339,1682
8340,1667
8341,1655
8342,1637
8343,1626
8344,1606
8345,1598
8346,1580
8347,1563
8348,1552
8349,1534
8350,1522
8351,1511
8352,1501
8353,1487
8354,1477
8355,1469
8356,1455
8357,1451
8358,1441
8359,1430
8360,1424
8361,1419
8362,1410
8363,1412
8364,1405
8365,1395
8366,1397
8367,1402
8368,1408
8369,1398
8370,1408
8371,1408
8372,1409
8373,1424
8374,1426
8375,1434
8376,1445
8377,1447
8378,1456
8379,1461
8380,1468
8381,1475
8382,1487
8383,1494
8384,1506
8385,1518
8386,1530
8387,1535
8388,1558
8389,1573
8390,1586
8391,1598
8392,1607
8393,1634
8394,1631
8395,1650
8396,1669
8397,1681
8398,1694
8399,1707
8400,1723
8401,1737
8402,1744
8403,1763
8404,1775
8405,1790
8406,1803
8407,1809
8408,1823
8409,1831
8410,1851
8411,1858
8412,1872
8413,1887
8414,1891
8415,1904
8416,1914
8417,1931
8418,1942
8419,1945
8420,1959
8421,1967
8422,1978
8423,1983
8424,1985
8425,1995
8426,2002
8427,2001
8428,2007
8429,2019
8430,2032
8431,2023
8432,2032
8433,2032
8434,2035
8435,2032
8436,2038
8437,2038
8438,2035
8439,2034
8440,2041
8441,2032
8442,2034
8443,2032
8444,2035
8445,2032
8446,2032
8447,2029
8448,2029
8449,2028
8450,2015
8451,2014
8452,2011
8453,2012
8454,2010
8455,2005
8456,2000
8457,1999
8458,2000
8459,1996
8460,1986
8461,1991
8462,1982
8463,1990
8464,1977
8465,1981
8466,1977
8467,1971
8468,1968
8469,1968
8470,1968
8471,1968
8472,1966
8473,1962
8474,1961
8475,1968
8476,1967
8477,1962
8478,1955
8479,1964
8480,1959
8481,1957
8482,1957
8483,1958
8484,1955
8485,1949
8486,1952
8487,1957
8488,1957
8489,1946
8490,1957
8491,1953
8492,1958
8493,1961
8494,1959
8495,1963
8496,1959
8497,1965
8498,1963
8499,1960
8500,1965
8501,1957
8502,1965
8503,1955
8504,1955
8505,1968
8506,1960
8507,1955
8508,1961
8509,1953
8510,1958
8511,1955
8512,1965
8513,1957
8514,1953
8515,1961
8516,1965
8517,1963
8518,1966
8519,1959
8520,1963
8521,1965
8522,1966
8523,1968
8524,1961
8525,1968
8526,1969
8527,1969
8528,1968
8529,1968
8530,1966
8531,1969
8532,1961
8533,1957
8534,1963
8535,1954
8536,1951
8537,1957
8538,1954
8539,1953
8540,1949
8541,1959
8542,1957
8543,1957
8544,1955
8545,1956
8546,1958
8547,1947
8548,1965
8549,1962
8550,1963
8551,1963
8552,1961
8553,1968
8554,1967
8555,1968
8556,1969
8557,1979
8558,1982
8559,1983
8560,1986
8561,1993
8562,1998
8563,1991
8564,2000
8565,2000
8566,2000
8567,2009
8568,2000
8569,2009
8570,2009
8571,2012
8572,2006
8573,2009
8574,2003
8575,2005
8576,2000
8577,2000
8578,2000
8579,1989
8580,1988
8581,1981
8582,1971
8583,1968
8584,1961
8585,1950
8586,1947
8587,1935
8588,1923
8589,1914
8590,1914
8591,1903
8592,1894
8593,1879
8594,1872
8595,1869
8596,1858
8597,1850
8598,1847
8599,1843
8600,1842
8601,1838
8602,1831
8603,1833
8604,1827
8605,1824
8606,1829
8607,1818
8608,1818
8609,1811
8610,1818
8611,1819
8612,1815
8613,1824
8614,1821
8615,1823
8616,1827
8617,1827
8618,1831
8619,1833
8620,1835
8621,1838
8622,1838
8623,1847
8624,1841
8625,1847
8626,1851
8627,1855
8628,1860
8629,1867
8630,1867
8631,1870
8632,1881
8633,1874
8634,1879
8635,1893
8636,1893
8637,1901
8638,1905
8639,1910
8640,1917
8641,1923
8642,1925
8643,1939
8644,1937
8645,1942
8646,1954
8647,1965
8648,1964
8649,1968
8650,1973
8651,1970
8652,1977
8653,1991
8654,1990
8655,1988
8656,2000
8657,2001
8658,2009
8659,2007
8660,2015
8661,2016
8662,2022
8663,2017
8664,2022
8665,2026
8666,2027
8667,2029
8668,2032
8669,2032
8670,2030
8671,2033
8672,2032
8673,2033
8674,2034
8675,2032
8676,2032
8677,2032
8678,2033
8679,2032
8680,2028
8681,2030
8682,2022
8683,2023
8684,2027
8685,2026
8686,2015
8687,2013
8688,2018
8689,2005
8690,2007
8691,2005
8692,2005
8693,2010
8694,2003
8695,2007
8696,2004
8697,2001
8698,2001
8699,2005
8700,2003
8701,2003
8702,2013
8703,2015
8704,2013
8705,2014
8706,2014
8707,2025
8708,2027
8709,2030
8710,2034
8711,2042
8712,2046
8713,2062
8714,2065
8715,2074
8716,2081
8717,2095
8718,2097
8719,2096
8720,2107
8721,2118
8722,2133
8723,2129
8724,2139
8725,2141
8726,2147
8727,2155
8728,2159
8729,2160
8730,2160
8731,2166
8732,2173
8733,2166
8734,2177
8735,2175
8736,2178
8737,2175
8738,2177
8739,2175
8740,2172
8741,2160
8742,2165
8743,2161
8744,2157
8745,2146
8746,2138
8747,2131
8748,2127
8749,2115
8750,2100
8751,2096
8752,2087
8753,2079
8754,2071
8755,2047
8756,2043
8757,2026
8758,2015
8759,2000
8760,1990
8761,1981
8762,1968
8763,1965
8764,1951
8765,1936
8766,1935
8767,1911
8768,1913
8769,1899
8770,1890
8771,1883
8772,1872
8773,1869
8774,1858
8775,1854
8776,1853
8777,1846
8778,1834
8779,1833
8780,1830
8781,1830
8782,1830
8783,1827
8784,1831
8785,1838
8786,1827
8787,1835
8788,1840
8789,1840
8790,1840
8791,1841
8792,1846
8793,1853
8794,1855
8795,1869
8796,1863
8797,1875
8798,1878
8799,1890
8800,1894
8801,1903
8802,1914
8803,1918
8804,1932
8805,1936
8806,1941
8807,1950
8808,1967
8809,1968
8810,1984
8811,1985
8812,1999
8813,2000
8814,2019
8815,2017
8816,2022
8817,2032
8818,2037
8819,2038
8820,2041
8821,2046
8822,2064
8823,2064
8824,2066
8825,2070
8826,2085
8827,2079
8828,2091
8829,2092
8830,2080
8831,2089
8832,2095
8833,2095
8834,2087
8835,2091
8836,2093
8837,2096
8838,2090
8839,2094
8840,2091
8841,2089
8842,2082
8843,2079
8844,2083
8845,2076
8846,2074
8847,2078
8848,2075
8849,2067
8850,2066
8851,2061
8852,2064
8853,2045
8854,2041
8855,2039
8856,2046
8857,2041
8858,2033
8859,2034
8860,2032
8861,2034
8862,2027
8863,2025
8864,2015
8865,2022
8866,2018
8867,2017
8868,2011
8869,2015
8870,2007
8871,2013
8872,2007
8873,2002
8874,2010
8875,2007
8876,2009
8877,2000
8878,2003
8879,2001
8880,2000
8881,1996
8882,1999
8883,1998
8884,1994
8885,1991
8886,1993
8887,1994
8888,1989
8889,1993
8890,1983
8891,1999
8892,1995
8893,1989
8894,1991
8895,1997
8896,1986
8897,1993
8898,1990
8899,1990
8900,1991
8901,1991
8902,1995
8903,1994
8904,1994
8905,1997
8906,2000
8907,1999
8908,1993
8909,1990
8910,1990
8911,1994
8912,1990
8913,1987
8914,1995
8915,1994
8916,1987
8917,1986
8918,1990
8919,1983
8920,1988
8921,1982
8922,1976
8923,1979
8924,1981
8925,1971
8926,1974
8927,1967
8928,1970
8929,1968
8930,1964
8931,1962
8932,1961
8933,1955
8934,1958
8935,1959
8936,1955
8937,1951
8938,1953
8939,1957
8940,1951
8941,1953
8942,1955
8943,1950
8944,1942
8945,1950
8946,1953
8947,1959
8948,1956
8949,1956
8950,1953
8951,1952
8952,1965
8953,1965
8954,1964
8955,1958
8956,1962
8957,1968
8958,1962
8959,1963
8960,1962
8961,1970
8962,1971
8963,1974
8964,1975
8965,1982
8966,1981
8967,1979
8968,1975
8969,1983
8970,1986
8971,1987
8972,1989
8973,1991
8974,1990
8975,1988
8976,1994
8977,1989
8978,1999
8979,1986
8980,1995
8981,1984
8982,1988
8983,1986
8984,1984
8985,1982
8986,1995
8987,1984
8988,1984
8989,1979
8990,1978
8991,1980
8992,1973
8993,1969
8994,1966
8995,1967
8996,1967
8997,1967
8998,1964
8999,1957
9000,1965
9001,1952
9002,1959
9003,1959
9004,1965
9005,1962
9006,1952
9007,1952
9008,1949
9009,1950
9010,1951
9011,1951
9012,1952
9013,1953
9014,1954
9015,1955
9016,1955
9017,1949
9018,1959
9019,1962
9020,1965
9021,1964
9022,1967
9023,1968
9024,1965
9025,1965
9026,1963
9027,1967
9028,1964
9029,1971
9030,1967
9031,1966
9032,1970
9033,1974
9034,1971
9035,1968
9036,1972
9037,1968
9038,1968
9039,1969
9040,1968
9041,1968
9042,1973
9043,1968
9044,1972
9045,1968
9046,1969
9047,1968
9048,1968
9049,1968
9050,1966
9051,1968
9052,1971
9053,1968
9054,1966
9055,1959
9056,1962
9057,1965
9058,1952
9059,1962
9060,1953
9061,1953
9062,1947
9063,1952
9064,1958
9065,1948
9066,1946
9067,1949
9068,1947
9069,1943
9070,1947
9071,1943
9072,1946
9073,1947
9074,1947
9075,1955
9076,1950
9077,1947
9078,1949
9079,1950
9080,1952
9081,1952
9082,1951
9083,1956
9084,1955
9085,1954
9086,1963
9087,1962
9088,1959
9089,1962
9090,1963
9091,1963
9092,1956
9093,1967
9094,1965
9095,1967
9096,1965
9097,1974
9098,1965
9099,1967
9100,1968
9101,1965
9102,1965
9103,1964
9104,1963
9105,1968
9106,1967
9107,1966
9108,1966
9109,1959
9110,1963
9111,1964
9112,1968
9113,1955
9114,1958
9115,1958
9116,1958
9117,1959
9118,1953
9119,1951
9120,1953
9121,1947
9122,1941
9123,1947
9124,1950
9125,1944
9126,1952
9127,1944
9128,1947
9129,1937
9130,1942
9131,1949
9132,1942
9133,1945
9134,1942
9135,1941
9136,1938
9137,1936
9138,1939
9139,1931
9140,1935
9141,1935
9142,1928
9143,1931
9144,1921
9145,1930
9146,1932
9147,1925
9148,1925
9149,1924
9150,1919
9151,1915
9152,1918
9153,1919
9154,1912
9155,1914
9156,1914
9157,1910
9158,1915
9159,1917
9160,1909
9161,1908
9162,1904
9163,1907
9164,1904
9165,1904
9166,1905
9167,1904
9168,1903
9169,1893
9170,1907
9171,1902
9172,1904
9173,1890
9174,1899
9175,1904
9176,1897
9177,1899
9178,1901
9179,1899
9180,1898
9181,1904
9182,1901
9183,1902
9184,1898
9185,1900
9186,1897
9187,1894
9188,1899
9189,1891
9190,1883
9191,1885
9192,1887
9193,1885
9194,1891
9195,1889
9196,1883
9197,1888
9198,1887
9199,1885
9200,1882
9201,1883
9202,1884
9203,1883
9204,1886
9205,1883
9206,1893
9207,1893
9208,1891
9209,1896
9210,1889
9211,1895
9212,1899
9213,1897
9214,1903
9215,1899
9216,1904
9217,1906
9218,1907
9219,1919
9220,1915
9221,1911
9222,1921
9223,1922
9224,1917
9225,1923
9226,1919
9227,1926
9228,1930
9229,1935
9230,1935
9231,1935
9232,1940
9233,1947
9234,1946
9235,1949
9236,1951
9237,1953
9238,1961
9239,1962
9240,1968
9241,1968
9242,1978
9243,1978
9244,1968
9245,1975
9246,1968
9247,1971
9248,1968
9249,1971
9250,1968
9251,1978
9252,1963
9253,1968
9254,1967
9255,1958
9256,1960
9257,1958
9258,1956
9259,1946
9260,1954
9261,1949
9262,1951
9263,1951
9264,1939
9265,1936
9266,1935
9267,1936
9268,1934
9269,1927
9270,1926
9271,1922
9272,1920
9273,1918
9274,1927
9275,1925
9276,1930
9277,1916
9278,1922
9279,1915
9280,1914
9281,1911
9282,1919
9283,1919
9284,1911
9285,1917
9286,1918
9287,1911
9288,1906
9289,1915
9290,1913
9291,1908
9292,1905
9293,1910
9294,1911
9295,1905
9296,1909
9297,1906
9298,1913
9299,1915
9300,1919
9301,1914
9302,1921
9303,1920
9304,1903
9305,1922
9306,1921
9307,1919
9308,1919
9309,1925
9310,1919
9311,1917
9312,1927
9313,1932
9314,1927
9315,1934
9316,1926
9317,1929
9318,1936
9319,1931
9320,1934
9321,1931
9322,1931
9323,1932
9324,1935
9325,1933
9326,1935
9327,1935
9328,1931
9329,1936
9330,1929
9331,1936
9332,1939
9333,1938
9334,1934
9335,1939
9336,1934
9337,1941
9338,1939
9339,1938
9340,1937
9341,1941
9342,1942
9343,1947
9344,1946
9345,1938
9346,1938
9347,1948
9348,1939
9349,1952
9350,1959
9351,1948
9352,1952
9353,1958
9354,1958
9355,1965
9356,1968
9357,1968
9358,1970
9359,1972
9360,1980
9361,1984
9362,1988
9363,2000
9364,1999
9365,2009
9366,2017
9367,2023
9368,2031
9369,2032
9370,2053
9371,2064
9372,2064
9373,2080
9374,2091
9375,2108
9376,2109
9377,2113
9378,2118
9379,2128
9380,2141
9381,2141
9382,2155
9383,2160
9384,2160
9385,2171
9386,2174
9387,2172
9388,2170
9389,2175
9390,2176
9391,2180
9392,2180
9393,2174
9394,2169
9395,2169
9396,2170
9397,2166
9398,2158
9399,2149
9400,2154
9401,2146
9402,2134
9403,2128
9404,2123
9405,2109
9406,2099
9407,2091
9408,2087
9409,2077
9410,2064
9411,2059
9412,2032
9413,2034
9414,2022
9415,2013
9416,2000
9417,1987
9418,1983
9419,1978
9420,1965
9421,1955
9422,1947
9423,1935
9424,1935
9425,1922
9426,1903
9427,1911
9428,1904
9429,1897
9430,1899
9431,1889
9432,1888
9433,1879
9434,1882
9435,1877
9436,1878
9437,1868
9438,1872
9439,1876
9440,1872
9441,1875
9442,1879
9443,1887
9444,1888
9445,1889
9446,1897
9447,1903
9448,1906
9449,1904
9450,1913
9451,1915
9452,1925
9453,1934
9454,1938
9455,1947
9456,1951
9457,1955
9458,1962
9459,1967
9460,1973
9461,1990
9462,1983
9463,1984
9464,1993
9465,1996
9466,2003
9467,2013
9468,2014
9469,2010
9470,2021
9471,2017
9472,2027
9473,2032
9474,2031
9475,2037
9476,2037
9477,2035
9478,2041
9479,2043
9480,2064
9481,2047
9482,2047
9483,2055
9484,2046
9485,2047
9486,2054
9487,2044
9488,2043
9489,2035
9490,2036
9491,2038
9492,2035
9493,2034
9494,2023
9495,2023
9496,2025
9497,2021
9498,2011
9499,2011
9500,2015
9501,2005
9502,2000
9503,1998
9504,1993
9505,1991
9506,1983
9507,1987
9508,1979
9509,1977
9510,1975
9511,1970
9512,1968
9513,1968
9514,1962
9515,1962
9516,1958
9517,1953
9518,1958
9519,1951
9520,1949
9521,1950
9522,1949
9523,1946
9524,1953
9525,1949
9526,1950
9527,1951
9528,1950
9529,1953
9530,1959
9531,1954
9532,1957
9533,1953
9534,1955
9535,1953
9536,1953
9537,1954
9538,1956
9539,1954
9540,1963
9541,1950
9542,1958
9543,1952
9544,1951
9545,1957
9546,1957
9547,1952
9548,1949
9549,1947
9550,1952
9551,1948
9552,1946
9553,1953
9554,1949
9555,1951
9556,1943
9557,1949
9558,1948
9559,1947
9560,1938
9561,1943
9562,1936
9563,1936
9564,1924
9565,1936
9566,1936
9567,1937
9568,1936
9569,1938
9570,1929
9571,1925
9572,1925
9573,1933
9574,1920
9575,1922
9576,1921
9577,1915
9578,1925
9579,1915
9580,1919
9581,1922
9582,1919
9583,1920
9584,1918
9585,1915
9586,1915
9587,1915
9588,1917
9589,1922
9590,1920
9591,1909
9592,1913
9593,1913
9594,1919
9595,1920
9596,1922
9597,1917
9598,1922
9599,1919
9600,1930
9601,1933
9602,1922
9603,1931
9604,1936
9605,1943
9606,1936
9607,1936
9608,1936
9609,1947
9610,1949
9611,1949
9612,1947
9613,1955
9614,1957
9615,1958
9616,1966
9617,1966
9618,1967
9619,1973
9620,1969
9621,1968
9622,1969
9623,1974
9624,1968
9625,1972
9626,1977
9627,1975
9628,1983
9629,1978
9630,1982
9631,1977
9632,1981
9633,1983
9634,1987
9635,1981
9636,1984
9637,1984
9638,1984
9639,1974
9640,1985
9641,1986
9642,1991
9643,1990
9644,1985
9645,1987
9646,1985
9647,1985
9648,1988
9649,1989
9650,1981
9651,1985
9652,1986
9653,1982
9654,1973
9655,1979
9656,1975
9657,1975
9658,1968
9659,1970
9660,1965
9661,1968
9662,1968
9663,1978
9664,1968
9665,1966
9666,1956
9667,1968
9668,1968
9669,1967
9670,1968
9671,1964
9672,1965
9673,1968
9674,1965
9675,1963
9676,1968
9677,1968
9678,1969
9679,1967
9680,1968
9681,1967
9682,1969
9683,1961
9684,1968
9685,1965
9686,1963
9687,1967
9688,1968
9689,1964
9690,1968
9691,1967
9692,1965
9693,1965
9694,1968
9695,1959
9696,1958
9697,1962
9698,1960
9699,1966
9700,1962
9701,1959
9702,1958
9703,1963
9704,1965
9705,1957
9706,1962
9707,1962
9708,1963
9709,1967
9710,1967
9711,1966
9712,1962
9713,1967
9714,1967
9715,1964
9716,1970
9717,1968
9718,1968
9719,1969
9720,1967
9721,1968
9722,1968
9723,1968
9724,1961
9725,1965
9726,1964
9727,1959
9728,1968
9729,1961
9730,1959
9731,1964
9732,1963
9733,1955
9734,1962
9735,1963
9736,1961
9737,1959
9738,1952
9739,1949
9740,1943
9741,1940
9742,1949
9743,1949
9744,1946
9745,1936
9746,1936
9747,1942
9748,1936
9749,1931
9750,1929
9751,1935
9752,1935
9753,1932
9754,1927
9755,1931
9756,1921
9757,1927
9758,1922
9759,1915
9760,1920
9761,1916
9762,1919
9763,1918
9764,1914
9765,1919
9766,1920
9767,1919
9768,1919
9769,1923
9770,1923
9771,1934
9772,1935
9773,1932
9774,1933
9775,1934
9776,1935
9777,1935
9778,1934
9779,1936
9780,1935
9781,1933
9782,1934
9783,1933
9784,1937
9785,1941
9786,1949
9787,1955
9788,1962
9789,1965
9790,1978
9791,1985
9792,1994
9793,2007
9794,2013
9795,2020
9796,2023
9797,2047
9798,2055
9799,2063
9800,2066
9801,2076
9802,2087
9803,2093
9804,2099
9805,2112
9806,2114
9807,2128
9808,2131
9809,2135
9810,2149
9811,2160
9812,2164
9813,2172
9814,2178
9815,2187
9816,2185
9817,2188
9818,2193
9819,2194
9820,2192
9821,2199
9822,2187
9823,2190
9824,2182
9825,2182
9826,2181
9827,2181
9828,2166
9829,2169
9830,2163
9831,2160
9832,2153
9833,2147
9834,2130
9835,2129
9836,2123
9837,2115
9838,2112
9839,2103
9840,2095
9841,2090
9842,2083
9843,2071
9844,2064
9845,2058
9846,2038
9847,2032
9848,2027
9849,2015
9850,2006
9851,1999
9852,1991
9853,1988
9854,1977
9855,1968
9856,1959
9857,1952
9858,1947
9859,1942
9860,1923
9861,1923
9862,1909
9863,1908
9864,1891
9865,1893
9866,1875
9867,1872
9868,1869
9869,1861
9870,1851
9871,1840
9872,1840
9873,1830
9874,1826
9875,1818
9876,1815
9877,1805
9878,1805
9879,1796
9880,1791
9881,1783
9882,1781
9883,1780
9884,1776
9885,1776
9886,1774
9887,1770
9888,1761
9889,1763
9890,1757
9891,1756
9892,1760
9893,1747
9894,1746
9895,1753
9896,1746
9897,1744
9898,1749
9899,1745
9900,1756
9901,1744
9902,1750
9903,1762
9904,1761
9905,1771
9906,1773
9907,1776
9908,1777
9909,1782
9910,1788
9911,1797
9912,1798
9913,1799
9914,1808
9915,1813
9916,1815
9917,1821
9918,1831
9919,1831
9920,1837
9921,1839
9922,1842
9923,1851
9924,1851
9925,1862
9926,1862
9927,1877
9928,1877
9929,1879
9930,1886
9931,1893
9932,1900
9933,1908
9934,1915
9935,1917
9936,1926
9937,1932
9938,1935
9939,1938
9940,1955
9941,1956
9942,1965
9943,1971
9944,1975
9945,1984
9946,1987
9947,1994
9948,1996
9949,1997
9950,2001
9951,2013
9952,2018
9953,2019
9954,2023
9955,2021
9956,2032
9957,2043
9958,2040
9959,2047
9960,2065
9961,2064
9962,2067
9963,2066
9964,2077
9965,2073
9966,2066
9967,2075
9968,2073
9969,2066
9970,2073
9971,2064
9972,2067
9973,2057
9974,2047
9975,2037
9976,2032
9977,2032
9978,2025
9979,2011
9980,2003
9981,2003
9982,1988
9983,1981
9984,1970
9985,1968
9986,1962
9987,1950
9988,1939
9989,1936
9990,1926
9991,1921
9992,1906
9993,1904
9994,1891
9995,1882
9996,1872
9997,1872
9998,1863
9999,1857
